image_id,bbox_x,bbox_y,bbox_width,bbox_height,category_id
1,152,78,332.0,391.5,13
3,265,162,71.0,337.0,11
4,260,127,200.0,329.5,16
6,158,102,225.5,289.5,18
7,228,83,243.0,310.0,6
8,250,267,91.5,355.5,21
9,164,128,168.0,261.5,19
10,279,151,116.0,242.5,19
12,253,120,197.0,308.5,1
13,224,59,288.0,415.0,4
14,201,136,250.0,282.0,17
15,258,122,179.5,221.0,6
16,200,124,179.5,259.0,9
17,138,425,122.5,139.0,13
17,367,57,158.0,186.5,13
18,313,181,181.0,216.5,5
19,231,169,207.0,227.5,13
21,198,150,194.0,274.0,19
22,205,134,214.0,285.0,9
23,278,102,129.5,296.5,10
24,139,124,53.0,201.5,21
25,214,109,139.0,261.0,11
26,175,194,255.0,235.0,20
27,213,111,248.5,280.0,14
28,284,112,155.0,216.5,19
29,177,160,327.0,378.0,13
30,235,96,171.5,274.0,3
32,200,126,111.0,162.5,2
33,316,107,217.5,254.5,7
34,122,106,217.5,259.5,13
35,258,166,176.5,211.5,4
36,328,214,118.0,160.0,10
38,114,110,151.5,447.0,21
40,228,170,161.0,208.5,13
41,224,181,151.0,225.0,2
42,209,172,114.0,178.0,7
43,181,90,263.5,359.5,9
45,169,204,47.5,89.5,4
46,223,138,202.0,279.0,1
48,250,124,213.5,390.0,18
49,254,252,191.5,81.0,21
51,85,220,13.0,26.0,15
51,166,135,25.5,18.0,15
51,400,240,13.0,53.5,15
52,147,125,300.0,322.5,20
53,177,8,127.0,632.0,15
54,175,194,183.0,194.0,14
55,96,132,227.5,315.5,3
58,231,181,179.5,207.5,2
59,254,98,183.0,206.0,7
60,196,123,246.5,294.0,18
61,137,139,271.0,289.0,5
62,173,253,170.0,228.5,5
63,218,141,162.5,311.5,10
64,208,170,251.5,298.5,12
65,112,461,92.5,132.0,3
66,172,152,256.5,279.0,13
67,241,137,117.0,174.5,2
68,122,305,117.5,173.5,4
68,359,100,108.0,171.5,4
70,257,200,123.0,278.5,3
71,230,168,182.5,237.0,2
72,238,177,123.0,254.0,12
75,196,186,216.5,294.5,18
76,301,176,197.5,197.5,6
77,197,152,276.0,317.0,3
81,363,138,201.0,370.5,8
81,115,161,204.5,363.0,8
82,205,172,151.0,281.5,10
85,514,2,33.0,124.0,15
86,164,74,200.0,329.5,2
87,229,164,209.0,269.0,3
88,168,83,279.5,350.5,4
89,391,264,116.0,242.0,11
91,164,103,281.5,272.5,18
92,158,150,213.5,388.5,8
94,3,101,73.0,216.5,7
94,320,110,79.0,216.5,7
95,164,115,284.5,303.5,20
97,18,91,375.5,301.0,20
98,261,181,266.0,332.5,14
99,151,100,236.5,334.5,2
100,331,81,125.5,234.5,2
102,204,132,221.0,275.5,12
103,198,130,247.5,331.5,12
104,316,191,173.5,230.0,4
105,186,166,239.5,279.5,4
106,191,124,221.0,285.0,14
107,149,56,296.5,465.0,8
108,160,237,176.5,189.0,3
109,84,30,225.5,251.5,4
110,207,174,151.0,339.5,21
111,280,159,170.5,176.5,5
112,183,127,354.0,496.0,4
114,226,193,97.5,212.5,11
115,265,212,180.0,206.0,3
116,201,114,300.0,345.0,4
117,203,169,254.5,290.0,12
118,328,118,188.5,247.0,14
120,377,261,65.0,14.0,15
120,109,311,20.5,30.0,15
121,141,116,264.5,276.0,16
122,192,132,264.0,274.5,5
123,282,147,141.0,244.5,18
126,135,174,57.0,174.5,15
126,395,189,57.0,171.5,15
128,294,169,264.5,307.0,18
129,248,211,175.0,257.5,12
130,396,177,197.0,292.5,7
131,278,193,182.0,186.0,13
132,263,130,338.0,388.5,17
134,220,150,231.5,240.0,13
135,186,141,234.0,262.0,20
136,231,120,228.5,378.0,16
137,248,204,137.0,248.0,20
138,216,165,140.5,157.5,13
142,160,120,248.0,312.0,6
144,91,37,196.0,553.0,21
146,206,204,214.5,213.5,20
148,389,174,219.0,255.0,3
149,159,95,118.0,479.0,19
150,79,379,134.5,170.5,4
150,392,93,163.0,207.0,4
151,240,122,180.0,318.0,19
152,267,55,122.5,552.0,8
153,233,16,27.0,147.5,15
154,233,174,180.0,244.5,6
155,232,119,200.5,248.5,6
156,288,186,106.5,268.5,2
158,178,196,115.5,272.0,6
162,205,10,24.0,84.0,15
163,266,197,144.0,172.5,12
165,143,94,217.0,262.5,3
166,179,203,248.0,279.5,17
169,201,149,262.5,284.5,16
171,147,170,234.5,220.0,20
172,62,51,223.0,589.0,15
172,465,387,67.0,253.0,15
174,171,119,244.0,369.0,16
175,363,215,256.0,364.0,14
176,220,171,219.5,248.5,4
178,178,105,266.0,315.0,9
179,137,3,100.0,177.0,8
179,546,3,85.5,183.0,8
185,209,89,180.0,419.5,16
186,244,170,165.0,210.0,6
187,231,179,66.0,174.5,8
189,287,169,105.0,208.0,11
194,229,211,171.0,232.5,18
195,132,554,20.0,48.5,8
195,200,554,20.0,48.5,8
195,266,557,20.0,51.5,8
198,176,68,236.0,244.0,4
199,240,100,164.0,276.5,10
200,245,190,200.5,238.0,14
201,229,229,232.0,309.5,14
202,248,226,160.5,301.0,18
203,222,156,204.5,261.5,17
204,221,152,278.0,304.0,16
205,218,102,243.0,442.5,8
206,311,119,179.5,203.0,3
207,335,228,128.5,160.0,10
208,275,169,131.0,189.5,2
209,164,82,230.5,466.0,16
210,167,92,217.5,268.0,1
211,193,166,166.0,263.5,12
212,257,158,56.5,178.0,3
213,161,116,209.5,306.5,6
214,281,175,54.0,166.0,15
215,163,135,234.0,342.0,9
216,207,149,268.0,333.5,20
217,219,103,232.5,350.5,6
218,239,135,210.0,336.5,13
219,256,141,104.0,227.0,10
221,269,108,253.0,311.5,10
222,169,108,308.5,331.5,13
224,431,74,108.0,515.0,21
225,216,183,393.0,160.5,21
226,373,110,151.5,207.5,3
227,125,99,369.5,358.5,18
228,297,147,103.0,255.0,16
229,151,120,182.0,291.0,20
230,238,47,263.0,360.0,12
233,218,127,224.0,301.0,2
237,311,343,147.0,170.0,9
238,298,139,188.5,241.0,10
239,208,194,151.0,226.5,18
241,158,151,206.0,168.5,2
243,203,142,239.5,280.5,7
244,169,194,254.0,273.5,20
245,215,181,227.5,277.5,20
246,221,165,251.0,361.5,17
247,190,127,293.5,269.0,20
248,211,197,116.0,234.0,19
249,202,285,75.0,260.5,21
251,177,175,233.5,298.5,13
252,66,168,354.0,161.5,21
253,259,137,102.5,182.5,2
254,237,173,232.5,276.0,17
257,63,314,40.0,123.0,8
257,260,320,43.0,134.5,8
257,457,331,37.0,128.5,8
258,243,29,65.5,225.5,8
258,585,26,55.0,237.0,8
259,278,9,42.5,192.5,15
261,40,163,77.5,227.0,8
261,374,176,74.0,223.5,8
262,187,235,127.0,201.0,7
263,219,204,182.0,238.0,2
265,238,107,201.0,230.5,18
266,163,135,219.5,358.5,12
267,173,119,175.0,287.0,12
268,231,68,285.0,489.5,8
270,304,188,159.5,196.5,6
271,143,77,284.5,318.0,14
272,164,155,279.0,424.5,14
273,159,103,292.0,392.5,18
274,58,298,172.5,196.5,4
274,404,70,171.0,194.5,4
277,133,231,311.5,310.0,13
278,70,2,385.5,365.5,17
280,218,128,131.0,220.0,9
282,402,97,130.5,148.5,17
282,186,421,84.0,122.0,17
285,222,97,253.5,314.5,16
286,3,29,440.0,464.0,9
287,201,173,126.5,143.5,14
289,224,66,165.0,522.0,21
292,239,127,197.0,311.0,17
294,226,143,250.5,312.5,6
296,226,163,63.0,168.5,8
296,503,174,60.0,174.5,8
297,209,98,147.5,332.5,10
298,155,109,171.5,242.5,10
299,251,133,170.0,175.5,3
300,159,179,248.5,318.5,19
301,2,35,413.0,435.0,20
302,195,124,252.5,261.0,18
304,185,136,136.5,286.0,6
307,190,134,227.0,272.0,5
308,243,169,167.0,265.5,4
309,265,188,83.0,242.5,21
311,184,77,256.5,320.0,20
314,262,156,212.0,216.5,3
318,230,110,277.5,305.5,17
319,245,223,185.0,258.5,12
321,174,136,267.0,278.5,7
323,389,187,123.5,280.5,14
326,265,140,155.0,258.5,1
327,220,166,178.0,206.0,5
329,176,159,188.5,307.5,13
330,182,149,254.0,264.0,16
331,270,175,161.5,260.0,11
332,176,43,313.5,334.0,10
333,221,167,184.0,295.0,17
334,91,46,186.5,201.5,13
334,425,414,126.5,148.5,13
335,69,535,17.0,57.0,8
335,140,537,20.0,54.5,8
335,214,546,14.5,48.5,8
337,339,194,93.0,234.5,12
338,196,161,170.5,215.5,7
342,316,51,52.0,24.5,15
342,601,138,26.5,113.5,15
342,117,184,15.5,70.5,15
342,556,283,10.0,30.5,15
343,162,142,170.5,213.5,12
345,302,180,144.0,210.0,2
347,161,152,210.5,237.0,10
349,175,102,326.0,367.5,17
350,158,73,288.0,322.0,18
351,191,166,232.5,285.0,5
352,229,173,174.5,211.5,14
353,254,159,59.0,183.0,5
354,189,152,244.0,231.0,12
355,288,56,122.5,199.0,3
356,229,154,165.5,210.5,7
358,217,165,168.0,185.5,9
361,198,128,244.0,332.0,12
362,220,157,191.0,310.0,1
365,212,155,171.5,232.5,3
367,277,142,246.5,337.0,13
368,241,268,100.0,238.5,12
370,96,329,15.0,61.0,15
370,270,148,18.0,75.5,15
371,195,136,234.0,313.0,18
372,223,186,239.0,280.0,4
373,284,120,104.5,354.5,5
374,252,178,83.5,215.0,2
375,143,92,268.5,387.5,16
376,187,106,169.0,368.0,16
377,179,47,260.0,386.5,16
378,200,189,189.5,239.5,17
379,291,208,164.0,204.5,2
380,163,242,159.0,236.0,20
381,142,235,86.0,284.5,21
383,354,138,107.5,297.0,12
384,218,167,183.0,222.5,9
389,244,174,180.5,254.0,12
390,210,123,255.0,304.0,5
391,40,83,251.5,340.5,2
392,169,100,272.0,337.5,6
393,266,263,218.0,233.5,3
395,151,202,257.0,310.0,20
396,248,203,132.5,157.5,4
397,354,136,100.5,234.0,8
398,201,20,238.5,620.0,21
399,178,123,229.5,226.0,7
400,214,201,239.0,323.5,12
401,237,6,12.0,93.5,15
402,225,169,147.0,283.0,17
403,206,142,228.5,276.5,4
404,201,95,218.5,404.0,8
405,238,131,237.5,331.0,4
406,547,164,24.5,86.0,15
407,237,61,243.0,473.5,8
408,412,480,25.5,74.5,8
408,520,483,25.5,74.5,8
409,242,200,74.5,194.0,2
410,230,245,232.0,218.5,17
411,164,149,245.0,315.0,20
412,172,129,229.0,261.5,16
413,465,111,84.0,293.5,21
414,253,155,176.5,280.5,12
415,232,156,163.0,200.5,18
416,174,78,216.0,246.5,3
417,243,252,207.0,197.0,18
418,87,125,325.5,377.0,6
419,142,67,287.5,423.0,6
420,239,217,14.5,76.0,15
421,170,142,278.5,358.0,14
423,194,197,232.0,274.5,20
424,191,124,197.5,241.0,12
425,330,208,136.0,266.5,10
426,232,229,96.5,153.0,9
427,212,137,164.5,245.0,9
429,223,125,189.5,261.0,13
430,230,195,191.0,342.0,13
431,216,35,233.5,283.5,3
432,236,152,219.0,318.0,16
433,207,175,122.0,209.0,21
434,246,145,79.5,238.5,21
435,194,240,159.0,153.0,10
436,231,162,172.5,219.0,3
437,233,148,121.0,334.5,21
438,258,123,183.0,303.5,9
439,215,159,257.0,213.5,5
440,201,164,270.5,285.5,2
441,207,180,219.0,276.0,6
442,224,179,186.5,223.5,20
443,452,278,84.5,292.5,21
444,152,94,250.0,297.5,16
445,234,133,214.5,344.5,12
446,196,329,146.5,161.0,7
448,162,108,278.0,295.5,20
449,345,186,110.5,338.0,21
450,83,155,125.5,164.0,9
451,142,202,191.5,284.5,7
452,203,94,149.5,377.5,21
453,102,97,128.5,215.5,3
456,218,180,200.5,312.0,5
457,196,114,164.5,224.0,9
458,302,225,172.5,237.0,12
459,206,128,222.5,271.0,12
460,388,199,90.5,238.5,21
461,193,98,233.5,349.0,9
462,388,273,125.5,151.0,10
463,247,205,158.5,202.0,10
464,210,176,196.5,236.5,18
465,268,162,94.0,274.0,8
466,258,159,175.5,192.0,18
467,233,172,250.0,385.5,17
468,195,161,194.5,244.5,20
471,331,204,78.0,146.0,7
472,172,157,221.5,281.0,14
473,86,228,195.5,254.0,13
473,371,116,176.0,229.5,13
474,256,159,196.0,327.0,17
475,280,96,197.5,376.5,14
476,135,53,359.5,456.5,20
477,72,337,37.0,120.0,8
477,252,346,43.0,120.0,8
477,435,355,40.0,117.0,8
479,378,368,151.0,140.5,10
480,355,98,118.5,298.0,15
481,209,162,125.5,156.0,7
482,144,425,112.0,144.0,13
482,390,67,153.0,176.0,13
483,364,189,159.5,215.0,6
484,230,160,112.5,283.5,3
485,131,54,170.5,179.0,14
487,206,156,90.0,112.5,10
488,190,84,62.5,111.0,4
489,203,3,80.0,228.5,8
489,568,3,72.0,237.0,8
490,206,105,252.0,345.0,1
491,240,95,146.5,409.5,21
492,158,151,263.0,171.0,18
496,146,166,294.5,316.5,17
497,155,3,97.0,143.0,8
497,583,3,57.0,151.5,8
498,179,153,167.0,243.5,17
500,246,172,132.0,227.0,11
501,159,290,100.0,214.0,4
501,394,59,141.0,210.0,4
502,182,124,254.5,426.5,4
503,219,162,131.0,203.0,19
504,236,168,206.0,277.0,1
506,152,84,220.5,326.5,9
508,272,168,168.0,268.5,3
509,256,211,110.0,202.0,3
510,179,135,166.0,190.0,3
512,218,203,167.5,227.0,9
513,200,170,185.5,279.5,5
514,434,33,35.0,31.5,15
514,307,165,12.0,63.0,15
514,559,4,26.0,148.0,15
515,141,32,289.5,421.5,6
516,235,129,130.5,328.5,12
518,179,98,209.5,260.5,14
519,259,137,177.0,294.0,7
521,258,155,157.0,179.0,3
522,475,105,165.0,440.5,21
523,257,204,155.0,235.0,12
524,280,212,111.0,258.5,17
526,243,202,207.0,211.5,9
527,450,298,148.0,194.0,7
528,255,136,241.0,343.5,12
529,226,174,90.0,219.5,21
530,239,151,222.5,219.5,20
531,228,203,185.5,226.5,1
532,278,181,173.0,229.5,2
533,303,116,205.5,244.0,20
534,197,143,220.0,241.5,18
535,189,199,176.0,181.0,9
537,70,356,154.0,213.5,4
537,393,109,160.0,215.0,4
539,140,423,37.0,94.5,8
539,280,428,28.5,94.5,8
539,414,437,28.5,88.5,8
540,285,172,82.0,211.0,14
543,208,96,250.5,310.0,14
544,184,123,230.0,330.5,13
545,210,139,203.0,250.5,18
546,3,20,40.0,228.5,15
546,303,52,71.5,223.0,15
547,238,176,181.5,245.0,5
548,69,102,420.0,362.5,3
551,254,69,98.5,137.5,7
555,318,261,184.0,256.0,20
556,327,19,106.0,537.5,15
557,258,174,250.0,302.5,16
558,195,216,82.5,208.0,21
559,216,200,200.0,267.0,6
560,180,91,223.0,439.0,8
561,188,136,270.0,317.0,13
563,86,233,17.0,60.5,15
563,237,39,19.5,66.5,15
563,381,217,14.5,50.5,15
566,161,115,287.0,293.0,18
567,232,153,230.0,267.0,6
568,204,124,209.5,307.0,19
570,165,156,306.5,330.0,16
571,251,166,218.5,247.5,5
572,172,44,236.0,292.0,16
574,250,157,144.0,163.0,2
575,222,120,176.5,199.0,2
576,188,48,276.0,384.5,6
577,200,160,189.5,250.5,2
578,292,226,204.5,280.0,6
579,40,48,232.0,255.0,2
580,201,171,261.5,280.0,20
581,198,85,207.0,297.0,19
582,227,170,132.5,308.5,14
583,238,221,139.0,180.0,7
584,27,5,566.0,286.5,6
585,213,195,209.5,250.5,6
586,158,170,215.5,254.5,18
587,293,140,150.0,196.5,7
594,195,50,269.5,466.5,8
595,244,160,103.0,246.5,21
596,242,161,188.0,239.5,9
598,217,130,114.5,144.5,5
602,141,113,135.0,137.5,5
603,156,174,247.0,269.0,20
604,174,153,194.5,221.0,5
605,251,212,127.5,162.0,14
608,181,216,152.0,159.0,12
609,268,126,73.0,251.0,8
610,327,94,149.5,205.0,9
611,206,76,257.0,400.0,8
613,231,119,247.5,279.0,2
614,189,52,294.0,516.5,8
615,299,300,213.5,243.0,5
618,203,154,212.5,283.5,9
619,279,169,174.0,312.0,14
620,111,4,154.0,475.5,21
621,124,381,122.0,133.0,14
621,360,51,165.0,178.0,14
623,236,154,182.0,233.5,1
624,210,102,271.5,306.0,4
625,289,171,116.0,181.5,11
627,252,91,248.5,408.0,9
629,128,84,261.5,350.0,7
630,259,183,136.0,140.5,5
631,205,150,215.5,336.5,8
632,173,116,265.5,359.5,6
634,246,114,68.5,205.5,8
634,537,137,65.5,194.5,8
635,180,156,201.5,232.0,20
636,223,150,204.5,311.5,6
637,290,111,189.0,267.5,2
638,203,151,219.5,293.0,5
639,373,41,94.0,398.0,15
640,199,131,173.5,256.0,18
641,230,73,354.5,429.0,7
643,157,235,70.0,243.0,21
645,163,108,134.0,142.0,13
645,407,383,78.0,109.5,13
646,266,155,158.5,244.0,6
647,185,235,217.0,239.0,6
648,241,81,399.0,491.0,2
649,228,20,74.5,228.5,15
649,577,49,63.0,217.0,15
650,249,3,97.0,120.0,8
651,192,134,239.0,297.0,4
653,214,173,185.0,233.5,14
655,225,138,236.0,336.5,18
656,257,122,156.5,275.5,13
657,239,104,239.0,325.0,13
658,235,99,186.0,404.0,12
659,258,133,162.0,199.5,9
660,274,203,163.0,171.0,9
661,222,158,55.5,153.5,13
662,192,138,269.5,300.5,5
664,322,54,123.5,154.0,3
665,158,143,31.0,100.5,15
667,176,121,164.0,261.0,9
668,253,133,302.5,459.5,14
671,234,107,207.0,300.5,12
672,233,126,193.0,237.5,9
673,264,71,320.0,399.0,3
677,157,136,303.0,364.5,13
678,219,143,177.0,293.0,6
679,185,183,233.0,217.5,17
680,241,84,274.5,142.0,17
681,281,47,221.5,174.0,7
682,271,176,127.0,288.5,10
683,2,36,339.5,250.0,9
684,262,185,182.0,233.0,20
686,3,106,43.0,197.0,8
686,271,123,68.5,194.5,8
686,575,132,57.0,197.0,8
687,228,3,297.0,279.5,6
688,230,209,148.5,181.5,5
690,200,53,233.5,263.5,4
692,235,162,196.0,226.5,10
693,134,141,141.5,271.0,6
695,283,66,174.5,418.0,8
696,203,81,305.5,465.0,8
697,170,180,279.5,270.5,5
698,238,182,210.5,269.5,9
699,168,101,293.0,324.0,18
700,279,137,187.5,285.0,16
701,154,120,262.5,312.0,9
702,205,170,249.0,324.5,12
703,177,237,225.5,253.5,16
704,231,220,188.0,213.5,9
705,63,143,60.0,188.5,8
705,340,149,63.0,188.5,8
706,168,107,321.5,301.5,13
707,261,178,186.0,219.5,17
708,193,134,270.5,393.0,12
709,277,152,165.5,224.0,3
710,183,149,98.0,214.0,2
711,132,380,37.0,108.5,8
711,303,380,31.5,111.5,8
711,460,383,40.0,108.5,8
712,48,16,75.0,316.5,15
713,178,185,157.5,251.5,16
715,84,274,155.0,189.5,4
715,436,55,155.0,187.0,4
716,179,97,233.0,246.0,5
717,238,183,177.5,261.5,19
718,171,284,121.5,196.0,21
719,241,192,231.0,139.5,17
720,149,59,226.5,209.5,9
722,163,101,251.5,323.5,9
723,147,168,273.5,405.0,17
726,243,96,167.5,196.0,10
728,192,160,243.5,281.0,4
729,323,159,222.0,235.5,2
733,246,198,180.5,209.0,16
734,210,121,281.5,364.5,16
736,293,140,150.5,283.0,16
739,181,107,252.0,211.5,5
741,297,154,228.0,275.5,13
742,140,62,15.5,62.5,15
743,253,176,223.0,293.5,6
745,204,110,216.0,283.5,18
746,227,152,153.5,186.0,9
747,228,182,183.5,250.0,19
748,223,54,305.5,283.5,3
752,242,167,222.5,251.5,16
753,214,142,202.0,308.0,20
756,268,179,137.0,285.5,12
757,200,172,222.5,378.0,4
758,242,156,172.5,215.0,3
759,186,20,95.5,529.5,15
761,230,94,171.5,257.0,12
762,274,250,206.5,253.0,3
763,193,169,277.5,401.0,13
764,334,165,164.0,220.0,17
765,277,95,187.0,250.5,1
767,167,157,228.0,235.5,5
768,121,55,180.5,188.0,13
768,469,402,112.5,176.5,13
769,218,169,249.0,247.0,5
771,104,68,300.0,391.5,12
772,171,137,267.5,350.5,7
774,236,132,167.5,362.0,16
776,154,96,281.5,232.0,12
777,270,202,141.5,191.5,6
778,378,106,59.0,243.0,15
780,178,170,304.0,295.5,16
781,215,157,167.0,258.5,17
782,194,107,254.5,334.0,4
783,197,136,161.5,304.5,9
784,206,144,212.5,251.5,20
785,168,63,60.0,29.0,15
785,304,71,52.0,38.5,15
785,445,224,21.0,84.0,15
786,141,79,293.0,385.5,12
787,48,84,264.5,299.0,14
788,333,168,119.5,230.5,19
789,218,189,165.0,227.5,7
790,258,230,142.0,234.0,11
791,109,492,20.0,65.5,8
791,209,494,23.0,68.5,8
791,306,497,25.5,65.5,8
792,202,147,223.5,233.5,16
794,411,126,140.5,173.0,19
796,197,123,228.0,306.5,18
798,289,150,125.5,304.5,11
799,232,166,163.0,224.5,7
800,238,142,164.5,311.0,1
802,85,53,189.5,188.0,13
802,460,405,115.0,155.0,13
803,196,100,249.0,264.0,16
804,189,78,122.5,268.5,7
805,173,133,284.0,312.5,14
806,246,103,63.0,197.0,15
806,543,120,68.5,197.0,15
807,96,27,189.0,182.5,13
807,447,377,109.0,140.5,13
808,141,97,290.0,317.0,10
809,189,107,293.0,329.5,13
810,200,120,277.5,355.5,4
812,160,164,216.5,246.5,14
816,167,54,271.5,316.5,16
817,230,77,161.5,467.0,9
821,142,116,201.0,251.0,10
824,192,140,209.0,251.5,18
825,149,120,220.0,342.0,12
826,132,140,63.0,185.5,8
826,420,146,54.5,191.5,8
827,303,236,266.5,359.5,5
829,182,136,212.5,326.5,9
830,236,204,187.5,290.5,12
831,238,141,216.0,315.0,9
832,263,122,154.5,204.5,10
833,133,132,323.5,346.0,20
834,137,65,81.5,213.5,6
838,226,139,145.0,273.0,10
839,197,163,270.5,342.0,16
840,243,106,149.0,192.5,9
841,198,113,234.0,346.0,16
843,221,290,19.0,88.0,15
843,340,190,48.5,32.0,15
843,604,265,21.0,92.0,15
845,325,65,234.0,262.5,5
846,186,120,203.0,324.0,7
847,128,60,339.0,406.5,6
848,178,133,340.0,387.5,20
851,223,102,154.0,262.0,10
853,210,146,113.5,80.5,6
854,241,130,139.0,231.5,11
855,61,383,127.0,144.0,16
855,411,64,136.5,135.0,16
856,203,149,200.0,154.0,2
858,261,136,241.5,278.0,13
860,172,120,236.5,309.0,5
861,154,117,182.5,249.5,7
862,218,175,218.0,392.5,4
863,148,127,226.0,285.5,9
864,136,113,323.5,375.5,20
867,287,184,133.5,182.5,7
870,287,11,165.0,533.0,8
871,187,195,199.5,271.0,18
872,145,124,141.5,331.5,19
873,205,94,273.5,366.0,1
875,274,228,158.5,192.0,14
876,142,392,131.5,172.0,13
876,443,85,126.5,179.5,13
878,203,177,246.0,235.5,17
882,193,115,253.5,211.0,7
883,391,19,141.5,584.0,15
884,132,163,65.5,177.0,8
884,400,172,65.5,177.0,8
885,68,397,109.5,128.5,16
885,395,48,130.5,160.0,16
886,137,139,188.5,245.5,7
887,270,184,158.5,214.0,7
889,177,173,221.5,290.0,14
890,222,137,196.0,247.5,5
891,141,128,257.5,390.0,14
893,206,100,192.5,284.0,1
895,257,164,88.5,270.5,11
896,215,124,192.0,167.0,4
898,172,115,65.5,200.0,8
898,463,132,63.0,197.0,8
899,286,165,161.5,231.0,17
901,179,110,222.5,256.0,5
902,318,200,88.5,106.0,3
903,208,99,204.5,214.0,18
905,225,147,242.0,278.5,5
907,185,145,185.5,278.5,7
908,373,92,149.0,166.0,20
908,154,374,118.0,133.0,20
909,123,185,131.5,180.0,7
910,294,197,129.5,242.0,17
911,135,83,365.5,439.5,17
913,153,131,253.5,327.5,14
914,3,117,65.5,197.0,15
914,297,137,65.5,188.5,15
914,580,146,60.0,191.5,15
915,254,234,129.5,197.0,18
916,221,43,229.5,359.0,6
917,181,129,150.5,158.0,6
918,199,167,107.5,169.0,2
919,320,301,211.0,189.5,9
920,218,165,207.0,309.5,17
922,209,136,163.0,199.5,16
923,276,117,102.5,383.0,1
924,231,197,149.0,142.0,10
925,207,117,197.5,296.5,12
926,225,143,163.5,270.0,19
927,180,368,43.0,114.5,8
927,346,375,40.0,117.0,8
927,509,386,45.5,117.0,8
928,296,217,235.0,290.5,14
931,178,97,261.0,358.5,20
932,167,99,190.0,341.5,12
934,198,131,194.0,313.5,12
935,252,222,135.5,209.0,4
937,249,193,148.5,208.0,4
939,183,216,390.0,113.5,21
940,269,90,167.0,239.0,18
942,270,181,127.0,206.5,11
944,231,217,78.0,273.5,21
950,197,132,301.0,411.0,5
952,161,113,303.0,286.0,20
953,167,153,252.5,405.0,14
956,215,83,225.0,278.5,16
957,195,138,210.5,231.0,14
958,211,158,226.0,275.0,5
959,197,110,186.0,335.0,12
963,218,181,240.5,253.0,16
964,69,212,137.5,195.0,5
966,196,217,87.5,94.5,10
967,252,157,143.0,251.5,12
968,275,113,126.5,292.5,12
970,222,157,182.0,197.5,5
973,217,73,240.5,332.5,13
974,183,104,194.0,205.5,3
975,247,146,150.0,361.0,16
977,179,119,248.5,396.0,16
978,327,126,127.0,323.0,3
979,277,185,142.0,207.5,12
980,2,219,253.5,260.5,9
981,263,195,157.0,282.0,12
984,284,219,156.5,186.5,12
985,336,93,81.5,67.0,15
986,269,155,182.0,208.0,2
987,358,192,149.0,158.5,3
988,152,97,194.0,323.0,2
989,279,212,87.5,193.5,11
991,318,253,110.5,152.5,10
993,103,215,26.5,98.0,15
993,402,31,18.5,79.5,15
993,614,294,16.5,76.5,15
994,229,138,212.5,277.0,6
995,207,124,244.0,256.0,5
996,221,173,165.0,195.5,4
997,160,99,189.5,249.5,14
998,201,115,269.5,332.0,12
1000,227,174,164.0,232.0,19
1002,116,107,370.5,475.5,20
1003,242,128,252.0,380.0,17
1004,247,160,101.5,298.0,16
1006,358,166,207.5,288.0,17
1007,197,240,216.5,189.5,2
1008,188,141,258.5,318.0,18
1009,153,181,275.0,282.5,16
1010,280,238,35.0,146.0,8
1010,550,234,28.5,138.0,8
1011,97,146,60.0,185.5,8
1011,374,157,63.0,183.0,8
1014,245,161,152.5,208.5,2
1015,166,206,155.0,192.0,2
1016,193,97,327.5,352.5,13
1017,125,156,17.0,96.5,15
1017,297,57,44.0,33.0,15
1017,574,145,21.0,90.0,15
1018,241,116,210.5,266.0,9
1019,171,168,190.0,276.0,19
1020,219,121,196.0,257.5,6
1021,176,115,140.5,525.0,15
1022,284,215,107.5,194.0,11
1023,168,131,234.0,223.0,13
1024,270,193,165.0,220.5,7
1027,181,195,270.0,369.0,14
1029,207,151,197.5,236.0,7
1030,245,139,197.5,298.0,12
1031,279,147,240.0,294.0,3
1032,130,193,172.0,220.0,18
1035,241,175,166.5,240.0,2
1036,333,134,145.5,209.0,10
1037,237,78,256.0,510.0,21
1038,271,124,117.0,205.5,5
1039,210,264,298.0,345.0,14
1042,378,203,189.0,307.5,3
1044,303,116,212.5,232.5,2
1048,358,269,41.5,114.5,15
1050,261,24,50.0,31.5,15
1050,514,115,20.5,108.5,15
1053,250,168,154.5,214.5,9
1054,236,183,153.5,252.5,10
1055,222,132,211.5,273.5,7
1056,247,164,66.5,276.5,11
1058,183,90,273.5,269.5,16
1062,191,178,147.5,171.0,12
1065,295,117,230.0,314.5,10
1066,239,163,199.5,303.0,9
1067,97,345,146.5,219.5,4
1067,396,94,155.0,216.5,4
1068,167,173,15.5,83.5,15
1068,318,2,14.5,68.0,15
1070,318,70,100.5,117.5,4
1071,367,198,140.0,186.0,5
1072,186,111,165.5,330.0,10
1073,178,191,183.0,170.0,12
1075,256,135,210.5,267.5,4
1077,340,159,81.5,250.5,21
1081,116,94,161.5,459.0,15
1082,158,117,333.0,388.5,13
1083,207,156,227.0,247.5,9
1084,278,160,56.5,186.5,8
1085,213,104,212.0,409.0,18
1086,252,3,80.0,200.0,8
1087,57,249,15.5,70.0,15
1090,175,109,248.0,365.0,12
1092,255,227,107.5,178.0,7
1093,327,155,172.0,235.5,18
1094,197,147,225.0,293.0,4
1095,248,177,145.5,211.0,3
1098,266,40,116.0,458.5,15
1100,91,152,273.0,390.0,14
1101,200,127,231.0,306.0,20
1103,120,26,233.5,411.0,10
1104,231,154,116.0,230.0,10
1105,256,272,88.0,160.5,3
1106,183,211,236.0,102.0,15
1107,199,112,256.5,342.5,14
1108,239,150,238.5,293.0,13
1109,203,116,185.5,361.0,16
1110,281,149,96.0,196.5,10
1111,200,155,145.5,196.0,10
1112,209,126,219.5,373.0,13
1113,199,8,219.0,461.5,8
1114,209,196,174.0,279.0,7
1115,181,200,151.0,188.0,9
1116,199,118,290.0,398.5,14
1117,242,195,204.5,200.0,17
1119,318,120,195.0,520.0,21
1120,297,160,189.5,275.0,14
1121,220,136,280.0,308.5,20
1124,287,145,164.0,207.0,19
1125,181,150,250.0,277.5,17
1127,157,131,243.0,274.5,17
1128,154,84,359.0,309.0,10
1129,202,166,214.5,303.0,20
1131,201,94,313.0,374.0,14
1133,466,189,13.5,97.5,15
1134,194,50,141.0,556.0,21
1135,230,200,240.5,248.5,5
1136,111,3,325.5,346.5,17
1138,267,140,217.0,292.5,10
1140,192,131,257.0,342.5,12
1141,166,91,299.0,452.5,16
1142,81,336,167.0,213.0,4
1142,418,101,164.0,197.5,4
1144,206,193,177.0,221.5,18
1145,240,165,181.5,267.0,12
1146,218,91,138.0,267.0,7
1148,316,163,89.0,295.5,21
1149,275,47,83.5,469.5,8
1150,377,189,145.0,196.5,18
1153,217,212,233.5,313.5,20
1154,194,134,265.0,294.5,20
1155,212,173,207.0,233.5,9
1156,220,165,142.0,284.0,12
1157,229,142,222.5,299.5,1
1158,146,134,258.0,276.0,20
1159,219,157,245.0,289.0,20
1160,191,88,203.5,248.5,12
1165,333,115,212.0,289.5,2
1167,155,31,229.5,452.0,8
1168,170,106,284.5,378.0,13
1171,10,59,191.5,247.0,10
1173,224,96,197.5,217.5,3
1174,199,134,286.0,352.0,4
1175,174,130,236.0,319.5,12
1176,220,139,252.5,299.5,14
1177,4,205,17.5,73.5,15
1177,208,147,36.5,29.0,15
1177,458,269,14.5,38.5,15
1179,198,72,208.5,242.5,9
1181,315,184,107.5,227.0,12
1183,149,102,267.0,330.0,12
1184,111,68,152.5,145.5,13
1184,390,422,151.0,148.0,13
1185,234,136,215.0,310.0,1
1187,272,145,224.0,245.0,10
1188,218,149,146.0,142.5,3
1189,182,191,245.5,270.0,6
1190,185,179,213.5,287.0,12
1191,196,109,308.0,326.0,14
1193,249,163,245.5,322.0,16
1194,206,121,149.0,165.5,2
1196,218,207,192.5,225.5,20
1197,227,83,184.0,229.5,10
1200,417,179,88.5,249.0,21
1201,290,183,192.5,249.0,3
1202,146,2,228.5,340.5,2
1203,247,164,136.0,411.5,11
1205,312,210,124.5,205.0,2
1207,56,2,464.5,299.5,10
1209,148,115,337.0,386.5,18
1210,195,181,192.5,212.0,4
1211,332,123,101.5,258.5,11
1212,167,261,144.0,358.0,21
1216,238,126,270.0,326.0,18
1217,155,113,279.5,435.5,1
1220,216,144,238.0,306.0,9
1221,193,87,158.5,341.0,9
1223,182,194,227.5,230.5,17
1224,195,198,117.5,206.0,6
1226,148,173,184.0,272.0,7
1228,204,192,119.0,385.5,11
1229,275,83,94.5,191.5,2
1230,108,76,171.0,191.5,13
1230,428,432,89.5,132.0,13
1232,182,162,256.5,299.5,13
1234,94,410,114.0,136.0,16
1234,399,70,141.0,152.0,16
1235,169,95,167.0,267.0,2
1237,267,208,145.0,176.0,3
1238,266,61,187.0,247.0,1
1239,212,216,133.0,164.0,14
1240,219,182,209.0,289.0,12
1243,41,230,314.5,175.0,21
1244,214,130,171.5,210.5,7
1245,197,146,142.5,169.5,10
1246,181,229,187.0,229.0,2
1247,198,165,273.0,268.5,17
1251,146,112,351.5,347.0,20
1253,236,98,167.5,348.0,17
1254,151,119,267.5,408.5,5
1255,240,122,132.0,266.5,16
1256,168,151,136.0,169.5,7
1257,279,227,148.0,257.5,11
1258,238,101,187.0,385.0,1
1259,239,132,253.5,447.0,14
1260,215,68,301.5,410.5,17
1261,142,82,265.0,304.0,6
1265,243,127,179.0,342.5,20
1266,186,95,57.0,200.0,8
1266,486,120,57.0,188.5,8
1267,221,126,224.5,289.5,9
1268,190,132,256.5,329.5,9
1269,248,129,122.5,264.0,11
1271,56,49,141.0,181.0,2
1272,173,150,195.0,278.5,10
1274,149,87,269.0,356.0,4
1275,272,104,175.5,215.0,18
1276,127,165,211.0,237.5,18
1278,285,99,106.0,269.0,21
1280,219,139,232.0,344.5,9
1281,299,161,207.0,240.0,13
1282,223,488,89.5,121.0,17
1282,429,137,130.5,155.0,17
1285,295,187,130.5,178.5,2
1287,213,95,287.0,344.5,17
1288,216,105,144.0,177.5,2
1289,300,154,167.5,256.5,18
1290,328,245,75.0,157.0,15
1293,225,131,240.0,355.0,6
1295,220,62,149.0,329.0,18
1297,158,141,253.5,367.0,17
1298,20,277,43.0,137.0,8
1298,229,289,45.5,143.0,8
1298,431,300,51.5,137.0,8
1300,312,127,229.5,157.5,7
1303,186,206,66.0,245.0,21
1304,194,148,303.5,340.0,14
1305,286,184,53.5,307.5,11
1309,130,4,336.0,348.5,9
1310,200,171,184.5,226.0,14
1312,269,85,172.5,262.0,16
1313,276,220,162.0,238.0,2
1314,174,80,311.5,348.0,13
1315,196,110,187.0,428.0,17
1318,358,251,230.5,260.5,6
1319,229,192,122.0,263.5,3
1320,260,145,247.5,283.0,13
1321,174,135,259.5,294.5,17
1322,213,147,165.5,267.5,6
1323,200,103,286.0,339.0,4
1326,179,158,296.0,347.0,4
1327,191,172,204.0,289.0,6
1330,282,125,186.0,214.5,3
1331,154,132,385.0,156.5,21
1332,225,111,243.0,320.0,18
1335,61,75,21.5,65.5,15
1335,221,280,16.0,58.0,15
1336,255,190,118.0,126.0,14
1338,160,140,117.5,198.0,6
1340,276,36,188.5,169.0,7
1341,177,150,286.0,312.5,4
1345,206,94,132.0,363.0,21
1347,273,203,171.0,252.0,9
1349,13,220,15.5,68.5,15
1349,206,76,48.5,27.0,15
1349,603,208,16.0,79.5,15
1351,286,103,251.5,253.5,10
1352,237,148,181.5,294.0,5
1353,173,186,195.5,247.5,13
1354,236,225,144.5,172.0,14
1355,226,164,286.0,324.0,14
1356,178,115,199.0,294.0,12
1359,178,100,208.5,271.5,12
1360,216,153,134.0,239.5,19
1362,162,98,285.5,339.0,14
1363,209,87,235.5,330.5,10
1364,18,54,448.5,501.5,6
1365,210,228,169.0,218.0,5
1366,218,65,192.5,312.5,12
1367,105,36,300.0,396.0,12
1369,236,137,143.5,191.0,2
1370,225,113,222.0,339.5,12
1371,182,138,155.0,201.5,7
1372,212,155,115.5,127.5,2
1375,308,36,23.0,102.0,15
1375,16,301,20.0,120.0,15
1375,588,319,27.0,91.0,15
1379,438,23,95.0,123.5,2
1381,179,77,70.5,115.5,6
1382,166,110,122.5,116.0,7
1383,415,17,151.5,206.5,10
1385,272,112,240.5,351.5,17
1386,201,151,263.5,371.0,20
1387,114,149,140.5,158.0,3
1389,206,121,217.0,308.0,13
1391,70,197,35.5,101.0,15
1391,443,82,29.5,72.5,15
1392,232,139,235.5,293.5,20
1393,155,128,351.5,379.0,17
1394,248,221,118.5,139.5,7
1396,285,75,222.0,434.5,8
1398,211,159,213.5,213.5,5
1399,74,358,134.0,185.0,4
1399,396,41,165.0,232.5,4
1400,184,163,348.0,193.0,21
1401,279,133,121.5,371.0,21
1402,263,276,111.0,114.5,6
1403,28,85,145.5,513.0,21
1404,121,126,304.5,332.5,20
1405,167,97,272.0,317.5,5
1406,178,139,234.5,352.5,17
1408,230,143,188.5,327.5,14
1410,184,124,301.0,363.5,18
1411,180,162,181.0,251.0,5
1414,126,112,57.0,197.0,8
1414,411,129,71.5,197.0,8
1417,182,202,287.5,258.5,18
1419,292,268,143.0,150.0,5
1421,162,146,286.0,353.0,14
1422,180,2,224.5,164.5,7
1424,109,42,434.5,570.0,3
1425,221,177,195.5,255.5,16
1426,199,135,238.5,315.5,18
1427,208,115,174.5,322.0,7
1430,203,0,260.0,143.5,10
1431,201,49,102.5,120.0,10
1432,182,34,231.5,217.0,10
1433,221,188,197.5,232.5,5
1434,238,147,204.5,285.0,17
1438,82,3,378.5,389.0,20
1439,84,53,86.0,319.0,15
1440,259,143,73.5,195.5,15
1441,429,158,129.0,126.5,7
1443,165,157,235.0,283.0,16
1444,198,159,217.0,194.5,2
1445,512,291,128.0,257.0,9
1446,206,101,228.5,240.0,7
1447,276,83,206.5,228.5,5
1448,230,97,145.0,259.0,14
1450,3,89,71.5,200.0,8
1450,309,91,68.5,211.5,8
1452,375,106,165.0,193.0,2
1453,317,156,86.0,330.5,5
1454,130,126,301.5,302.5,18
1458,228,111,128.0,371.0,14
1459,223,154,113.5,322.5,21
1462,346,123,163.5,246.0,17
1463,223,194,124.5,169.0,13
1464,239,37,145.0,526.5,21
1465,426,84,140.5,218.0,16
1466,338,257,237.5,320.0,14
1467,175,131,258.0,262.0,20
1468,190,140,228.5,265.0,6
1469,223,180,191.5,251.0,5
1470,188,104,227.5,286.5,3
1471,189,124,191.5,278.5,5
1472,229,131,216.5,233.0,4
1474,241,193,129.5,174.0,17
1475,306,199,136.0,262.0,16
1480,195,47,200.5,220.0,2
1482,236,168,199.0,249.5,6
1483,497,376,71.5,160.5,15
1485,54,132,269.5,201.0,2
1486,175,120,211.0,266.0,5
1488,186,71,171.5,241.0,2
1489,232,169,168.0,254.0,3
1490,213,161,168.0,205.5,6
1492,476,190,133.0,123.5,7
1493,268,192,218.5,242.0,13
1494,202,190,155.0,181.5,7
1495,228,112,137.5,164.0,15
1496,190,1,233.0,176.5,7
1497,292,120,190.0,314.0,18
1498,319,56,288.0,552.5,21
1500,149,33,313.5,522.5,21
1501,181,74,325.0,383.5,18
1502,281,194,159.5,178.0,7
1504,191,70,290.0,248.0,13
1505,202,153,205.5,295.0,5
1506,318,216,83.5,274.5,21
1507,273,201,67.0,105.0,15
1508,246,170,126.0,195.0,15
1509,260,68,63.5,268.5,3
1510,255,129,232.0,258.0,16
1511,177,125,80.5,412.0,8
1512,277,213,145.0,213.5,5
1514,221,125,224.5,301.0,13
1515,173,140,283.5,344.5,20
1517,302,172,93.0,252.5,15
1520,186,218,153.0,262.5,16
1521,230,144,135.0,387.5,16
1524,194,141,244.5,387.0,18
1527,255,198,165.5,162.5,2
1528,177,396,91.0,124.0,13
1528,367,88,127.0,150.5,13
1529,141,67,198.0,217.5,2
1530,249,122,182.0,202.5,2
1531,117,100,268.0,318.0,18
1532,152,124,275.0,298.5,7
1534,184,197,184.0,213.5,3
1536,251,181,65.0,165.0,15
1537,203,165,239.0,303.5,20
1539,256,233,97.0,122.0,10
1540,131,54,251.0,361.5,6
1541,220,107,171.5,245.5,6
1542,208,110,161.0,237.5,5
1543,196,148,243.5,259.0,13
1544,341,334,62.5,91.5,16
1545,192,185,229.0,221.0,7
1546,201,135,232.0,267.0,17
1547,437,92,160.5,280.5,10
1548,197,27,250.0,198.0,2
1549,153,112,271.5,330.0,20
1551,199,160,222.5,237.5,4
1553,299,307,71.5,108.5,10
1554,220,45,202.0,268.0,17
1555,235,90,97.0,97.0,4
1556,223,178,194.5,229.5,6
1557,276,156,109.5,171.5,3
1558,264,121,196.0,202.0,3
1559,252,175,95.5,133.5,13
1560,279,173,178.5,198.0,7
1561,200,12,183.0,501.0,21
1562,204,150,278.5,247.0,4
1564,23,189,376.5,451.0,21
1568,267,139,193.0,311.0,20
1569,250,236,176.5,221.0,16
1571,154,180,276.0,310.5,18
1572,170,173,286.0,267.0,14
1573,245,153,172.5,162.5,10
1575,366,178,133.5,156.5,16
1576,190,149,275.5,314.0,4
1578,212,175,242.0,213.5,5
1580,204,131,258.5,299.5,13
1582,334,87,69.5,311.5,8
1585,225,140,217.0,221.5,4
1587,240,209,232.5,249.0,17
1588,205,94,164.0,393.0,5
1590,160,197,146.0,149.0,7
1591,208,155,201.0,256.5,17
1592,163,108,291.0,315.5,4
1593,178,123,291.0,313.5,4
1594,165,137,282.5,331.5,4
1595,216,166,180.5,251.0,18
1596,160,192,117.5,209.5,16
1598,270,53,162.0,456.5,21
1601,135,131,239.5,222.0,18
1603,401,214,61.5,156.0,8
1606,17,292,45.5,137.0,8
1606,223,306,48.5,134.5,8
1606,426,309,45.5,131.5,8
1607,170,114,276.0,308.0,4
1608,186,128,273.5,260.5,16
1609,287,159,201.0,190.5,7
1610,266,187,122.5,284.5,21
1611,325,251,68.0,140.5,15
1612,269,91,17.0,71.0,15
1612,619,177,14.0,74.0,15
1614,190,73,265.0,352.0,18
1615,222,133,127.5,184.0,3
1616,179,96,250.5,339.5,16
1617,140,226,72.5,113.5,10
1620,235,155,166.5,209.0,13
1621,77,471,100.5,92.5,4
1621,387,67,138.0,129.5,4
1622,231,102,241.0,320.0,14
1623,240,203,209.5,252.0,6
1624,237,159,196.5,248.5,7
1625,190,164,198.0,233.0,20
1627,224,190,171.0,164.5,7
1628,220,96,237.5,366.5,17
1629,163,150,192.0,252.0,13
1630,252,109,63.0,197.0,8
1630,546,131,63.0,188.5,8
1631,313,129,128.0,184.0,17
1632,170,121,210.5,189.5,9
1633,189,349,80.0,113.5,13
1633,375,79,117.5,141.5,13
1634,98,341,117.5,132.0,16
1634,425,42,135.5,130.5,16
1636,212,130,189.5,247.0,4
1637,236,77,212.0,233.5,5
1638,186,206,226.0,217.0,20
1639,176,83,290.0,491.5,21
1640,300,228,28.0,130.0,8
1640,542,151,46.5,220.0,8
1641,228,172,219.5,248.0,5
1644,132,157,65.5,180.0,8
1644,409,154,63.0,185.5,8
1645,248,172,186.5,251.0,6
1647,297,177,118.0,123.5,10
1648,251,235,77.0,147.0,8
1649,258,126,242.5,333.0,17
1651,169,50,83.0,61.0,10
1651,416,164,85.5,57.0,10
1652,184,141,244.0,263.0,20
1653,161,1,173.5,170.0,2
1654,204,147,265.0,313.5,4
1656,487,249,34.0,64.0,6
1657,178,168,285.0,264.0,18
1660,272,173,178.5,187.0,4
1662,170,204,233.0,294.5,14
1663,227,177,151.5,155.5,6
1664,165,184,165.5,211.5,3
1665,314,174,84.0,157.0,15
1667,148,124,160.0,179.0,3
1668,235,205,189.5,245.5,17
1673,210,137,210.5,261.5,4
1674,183,159,290.5,368.0,18
1677,157,94,346.5,437.5,18
1679,249,189,83.0,216.5,15
1680,207,227,236.5,269.0,14
1682,216,229,70.0,217.0,8
1683,173,152,256.0,338.5,18
1685,209,203,178.5,255.5,13
1686,304,115,110.5,214.0,17
1687,179,293,188.5,270.0,3
1688,232,163,170.0,195.5,9
1690,339,1,203.5,159.0,2
1693,174,83,222.5,260.0,5
1694,77,190,66.5,62.5,10
1694,346,26,105.0,74.0,10
1696,214,130,176.5,248.5,13
1697,180,111,234.0,281.0,18
1698,195,148,190.5,275.0,4
1699,232,57,235.0,463.0,8
1702,221,203,209.0,234.5,6
1703,154,389,31.5,105.5,8
1703,308,400,34.5,100.0,8
1703,457,406,37.0,103.0,8
1704,208,80,85.0,458.0,21
1705,111,115,77.0,160.0,10
1706,234,183,202.0,230.0,5
1709,110,69,340.0,495.5,21
1710,185,88,241.5,334.5,18
1712,159,90,287.0,338.0,4
1713,276,361,125.0,123.0,6
1715,273,161,71.0,208.0,15
1716,159,114,284.5,305.5,20
1718,267,130,140.5,354.0,21
1719,183,131,240.0,168.5,10
1721,231,67,158.0,512.0,15
1722,225,131,123.5,162.5,10
1724,203,168,201.5,206.5,5
1725,253,203,164.5,158.5,3
1726,175,100,208.0,208.0,7
1728,116,124,191.5,217.5,9
1731,168,208,160.0,200.0,16
1732,257,114,196.0,376.5,3
1735,123,118,400.0,201.5,21
1736,278,169,144.5,337.5,21
1739,164,86,323.0,419.5,14
1740,235,171,232.0,256.5,13
1741,202,367,93.0,122.0,16
1741,464,65,118.5,136.5,16
1745,207,126,194.0,203.5,7
1746,447,229,59.0,154.0,16
1747,252,238,150.5,154.5,16
1749,164,118,278.5,284.0,4
1750,255,182,127.0,147.5,3
1752,181,92,281.5,255.5,13
1755,313,234,45.0,152.5,15
1756,155,110,272.5,403.5,18
1757,150,81,136.5,147.5,13
1757,392,404,89.5,127.0,13
1759,241,158,152.5,231.0,13
1761,209,139,175.0,234.0,3
1764,268,167,190.5,185.0,2
1765,154,117,308.0,284.5,16
1766,299,171,175.0,182.5,4
1767,257,201,176.0,243.0,14
1769,344,122,133.5,312.5,14
1771,54,348,45.5,114.5,8
1771,237,352,40.0,120.0,8
1771,417,354,40.0,123.0,8
1773,200,151,265.5,298.0,20
1775,276,142,79.5,255.0,15
1777,240,160,184.5,201.0,4
1779,43,342,144.0,179.0,4
1779,378,59,174.5,218.0,4
1780,199,109,314.0,371.0,18
1781,242,141,209.5,159.0,4
1783,202,150,198.5,290.5,20
1784,166,152,245.5,266.0,20
1785,245,145,170.5,339.0,8
1787,506,45,133.5,210.5,3
1788,243,212,185.0,239.5,14
1789,220,85,225.0,255.0,3
1791,213,144,265.0,329.0,18
1793,186,134,257.5,338.0,17
1795,160,77,60.0,203.0,8
1795,472,100,65.5,197.0,8
1796,204,153,213.5,224.0,5
1797,223,225,228.5,204.5,14
1798,228,136,183.5,351.5,14
1799,180,4,309.5,257.0,10
1800,239,114,229.0,360.5,20
1801,211,232,234.0,121.5,15
1802,265,116,146.0,229.0,7
1803,342,290,73.5,202.5,21
1804,119,158,125.5,125.0,2
1807,115,94,65.5,97.0,10
1808,204,141,184.0,221.5,17
1810,216,148,252.5,314.5,17
1813,149,132,250.0,302.5,20
1814,142,147,256.0,293.0,14
1815,295,171,233.0,297.5,6
1816,218,166,167.5,244.5,3
1817,166,198,88.0,162.5,16
1818,233,179,211.0,277.5,3
1819,127,120,314.0,369.0,17
1821,174,200,188.5,212.5,17
1822,156,160,239.0,331.5,18
1823,319,169,128.5,228.0,15
1824,209,198,122.5,315.0,21
1825,198,157,75.0,241.5,8
1826,174,105,192.0,235.0,5
1827,153,116,310.0,354.0,20
1828,192,242,169.5,160.5,6
1829,229,153,288.5,291.0,13
1830,222,166,199.0,234.0,9
1831,315,230,95.5,192.0,15
1833,80,146,60.0,188.5,8
1833,354,154,63.0,183.0,8
1834,247,138,224.5,326.0,6
1835,210,113,216.5,265.0,5
1836,170,107,158.0,175.5,10
1837,229,274,156.5,278.5,3
1839,185,109,44.5,59.5,10
1841,174,76,234.0,342.0,2
1842,253,135,198.0,299.0,6
1843,320,224,115.0,147.0,17
1844,227,192,107.0,148.0,10
1846,169,136,264.0,358.5,17
1847,359,137,235.0,164.0,2
1848,228,50,162.5,245.0,2
1849,263,115,214.0,258.5,7
1850,92,170,123.5,125.0,7
1851,123,2,377.0,341.0,3
1852,172,124,203.5,182.5,7
1853,174,131,271.0,309.0,17
1854,252,46,57.5,118.0,10
1857,178,142,243.5,260.5,20
1858,259,188,73.0,215.0,21
1859,302,146,197.5,287.0,2
1860,217,151,198.0,292.5,5
1861,237,35,288.5,400.0,6
1862,223,175,111.5,185.0,10
1863,286,266,123.5,143.5,6
1865,101,149,128.5,189.5,19
1866,192,118,270.5,423.5,1
1867,254,141,74.5,334.0,19
1870,223,157,136.5,248.0,11
1874,296,239,100.0,156.5,19
1876,203,85,214.5,315.0,9
1877,290,221,144.0,221.5,11
1878,184,184,124.0,231.0,19
1879,196,175,121.0,202.0,19
1880,213,131,174.5,247.0,19
1881,81,461,78.5,153.0,1
1881,325,86,98.0,163.0,1
1882,161,177,297.5,325.5,11
1883,328,290,179.5,275.0,11
1885,200,280,248.5,234.0,11
1886,279,138,169.0,346.5,11
1887,218,186,161.5,265.0,1
1888,290,147,117.5,269.0,11
1891,191,174,137.5,184.5,9
1892,199,105,214.5,310.5,1
1893,88,196,261.5,340.0,11
1895,199,177,218.5,282.5,1
1896,284,88,101.0,381.0,11
1897,258,114,266.5,405.5,19
1898,186,204,159.0,255.5,11
1899,181,133,124.0,286.0,11
1900,160,136,212.0,315.5,1
1901,218,214,113.5,169.0,19
1902,126,211,184.5,310.0,11
1903,151,85,248.5,403.5,1
1904,204,146,211.0,291.0,19
1905,194,169,240.5,333.0,19
1906,134,93,189.5,268.5,11
1907,293,125,108.0,371.0,1
1908,218,105,131.0,234.5,11
1909,216,153,173.0,365.0,1
1910,183,146,272.0,352.5,1
1911,367,57,141.0,271.5,1
1912,346,173,113.5,233.5,1
1913,187,152,144.5,233.5,19
1914,192,151,236.0,358.5,19
1916,198,133,192.0,310.0,1
1917,295,203,98.5,203.0,19
1918,297,167,106.5,265.0,11
1919,226,180,162.0,204.0,1
1920,231,155,178.0,270.0,1
1921,249,141,191.5,314.5,12
1922,172,129,116.0,345.5,11
1923,168,213,132.5,201.5,19
1925,245,193,102.5,163.0,11
1927,162,307,33.0,58.5,11
1927,482,293,52.5,78.0,11
1929,336,108,140.0,332.5,1
1930,190,104,266.0,372.0,1
1931,161,110,223.0,307.0,19
1932,264,223,135.0,207.5,11
1933,100,152,206.5,321.0,11
1934,157,117,229.0,331.0,1
1935,226,238,198.5,295.5,11
1936,173,129,221.0,390.0,19
1937,260,214,165.5,237.0,11
1938,170,137,163.5,213.5,19
1939,275,218,152.0,215.0,11
1940,114,77,292.0,363.5,1
1941,241,38,192.5,390.5,1
1942,112,129,357.0,401.5,1
1943,200,125,158.5,258.5,11
1944,230,158,132.0,203.0,19
1949,197,98,434.5,478.0,19
1951,268,179,120.5,220.5,11
1953,201,153,153.0,242.5,19
1954,104,176,232.5,301.0,1
1955,243,205,78.0,152.0,1
1957,213,215,120.5,167.0,9
1959,125,168,319.5,378.0,11
1960,183,158,204.5,282.0,1
1961,38,108,448.5,414.0,1
1962,98,438,86.0,140.0,1
1962,344,43,112.0,166.5,1
1963,184,75,165.0,300.5,1
1964,263,141,100.0,223.5,11
1966,187,142,232.5,273.5,19
1967,199,149,142.0,255.0,1
1969,152,172,133.5,232.0,19
1971,207,156,164.0,193.5,1
1973,225,170,210.0,321.0,19
1975,238,177,140.0,233.5,19
1976,313,138,154.5,261.0,19
1977,207,140,137.5,375.5,11
1978,189,117,225.5,287.5,19
1979,237,215,178.0,350.0,11
1981,260,170,152.0,316.0,1
1982,301,117,211.5,284.5,11
1983,182,129,221.0,290.5,19
1985,261,178,216.0,254.0,11
1987,177,150,233.0,318.5,19
1988,296,65,96.0,427.5,1
1989,183,122,254.5,424.5,19
1990,183,140,261.5,359.0,1
1991,370,226,211.0,252.5,9
1992,186,180,173.5,225.0,19
1993,204,124,227.5,308.0,1
1996,237,199,101.0,154.5,1
2000,297,224,125.5,222.5,11
2003,117,108,281.5,376.0,1
2004,105,99,297.0,474.5,19
2005,165,135,237.5,290.5,1
2006,224,142,123.5,233.5,19
2007,261,161,116.0,294.5,11
2010,140,173,349.5,311.5,1
2013,239,172,109.0,203.0,11
2016,335,118,157.5,294.0,11
2018,252,203,141.0,205.0,11
2019,138,162,175.0,305.5,9
2020,319,166,101.0,239.0,1
2021,209,131,241.5,366.5,19
2024,215,120,216.5,282.5,19
2026,380,236,105.0,350.0,11
2028,108,116,335.0,406.0,1
2029,273,221,94.0,176.0,11
2030,258,130,130.0,202.5,11
2031,176,191,182.5,264.0,19
2032,191,137,90.0,244.5,11
2033,197,164,123.5,209.0,19
2034,272,190,148.0,251.0,19
2036,44,260,171.0,216.5,19
2037,192,113,226.0,349.0,19
2039,236,178,116.5,144.0,11
2040,242,250,134.0,209.0,1
2042,266,276,117.5,218.5,1
2044,227,133,199.5,343.5,1
2045,179,120,232.0,345.0,19
2046,243,219,148.0,269.5,1
2049,117,65,265.5,434.0,1
2050,177,97,298.5,331.5,11
2051,225,163,202.5,320.0,19
2052,194,156,197.5,279.5,9
2054,182,151,221.0,269.5,9
2055,281,221,136.5,153.5,11
2057,134,245,197.5,271.0,11
2058,131,132,203.0,260.5,19
2059,232,203,175.5,232.0,9
2060,280,203,113.0,185.5,19
2061,292,134,109.0,190.0,1
2062,262,168,135.5,233.5,11
2063,236,198,125.5,228.5,11
2066,247,154,127.0,227.0,11
2069,183,195,196.5,334.5,11
2070,184,98,200.0,358.5,19
2071,223,149,182.0,265.5,1
2072,200,152,178.5,234.0,12
2073,212,122,167.5,269.5,1
2074,199,189,110.0,203.5,19
2075,272,228,160.5,221.5,1
2078,239,167,148.5,206.0,19
2080,191,180,144.5,221.5,19
2084,178,123,184.5,268.5,19
2086,237,186,136.5,251.5,1
2088,105,437,75.5,129.5,1
2088,351,93,96.0,149.0,1
2089,201,130,132.5,254.0,19
2090,202,215,150.5,176.0,1
