row_id,image_id,bbox_x,bbox_y,bbox_width,bbox_height,category_id,score
0,0,268.392333984375,122.17095947265625,140.6829833984375,197.74774169921875,1,0.920286238193512
1,1001,182.78738403320312,136.77337646484375,224.06805419921875,302.5582275390625,20,0.9294398427009583
2,1005,267.62005615234375,158.03424072265625,170.014404296875,236.57763671875,11,0.9247790575027466
3,101,278.28662109375,210.30638122558594,179.179443359375,230.15846252441406,3,0.9311428070068359
4,1012,186.84788513183594,143.83343505859375,150.10023498535156,311.6229248046875,21,0.9030889272689819
5,1013,258.1484375,254.36575317382812,100.46484375,142.5439453125,7,0.9110068082809448
6,1025,150.55270385742188,39.54125213623047,153.239990234375,223.13483428955078,17,0.8677486777305603
7,1025,183.27947998046875,264.0490417480469,90.22088623046875,126.46966552734375,4,0.8670951724052429
8,1026,164.78578186035156,140.66226196289062,196.30003356933594,216.93136596679688,20,0.9406374096870422
9,1028,199.67303466796875,118.41790771484375,285.95062255859375,372.01922607421875,13,0.9158281683921814
10,1033,251.68438720703125,200.15658569335938,198.3626708984375,280.47344970703125,2,0.9212188720703125
11,1034,202.4040985107422,145.65786743164062,217.84986877441406,205.98416137695312,4,0.9445928335189819
12,1040,155.5250244140625,191.1378173828125,176.01748657226562,250.35772705078125,9,0.9326891303062439
13,1041,163.0408477783203,114.66780090332031,266.54136657714844,330.84519958496094,4,0.9350265860557556
14,1043,133.17703247070312,99.86067199707031,378.8211669921875,336.28477478027344,20,0.865157961845398
15,1045,210.50770568847656,114.0841064453125,165.33177185058594,214.0404052734375,2,0.9322505593299866
16,1046,238.3601531982422,179.05413818359375,263.28932189941406,288.50909423828125,5,0.9214229583740234
17,1047,77.82980346679688,82.53326416015625,326.25311279296875,398.27020263671875,2,0.942474365234375
18,1049,198.0978546142578,130.79244995117188,223.50340270996094,315.97454833984375,12,0.9116172194480896
19,1051,392.38616943359375,357.23272705078125,90.12628173828125,137.4473876953125,14,0.9130581617355347
20,1051,140.24703979492188,94.98992919921875,135.83401489257812,163.00003051757812,14,0.905921459197998
21,1052,312.4888916015625,301.20330810546875,169.8299560546875,172.3563232421875,3,0.935470461845398
22,1057,166.23211669921875,122.12396240234375,298.102294921875,353.72625732421875,20,0.9147487282752991
23,1059,207.1219482421875,148.64178466796875,221.6197509765625,225.7220458984375,18,0.9199395775794983
24,1060,234.703369140625,209.7488555908203,75.67626953125,252.95555114746094,21,0.8499819040298462
25,1061,171.87445068359375,75.40086364746094,368.42681884765625,485.15907287597656,17,0.8942634463310242
26,1061,257.5584716796875,550.033447265625,202.5731201171875,89.966552734375,4,0.820289671421051
27,1063,167.61204528808594,103.43426513671875,233.91212463378906,270.8343505859375,18,0.9304665327072144
28,1064,187.7978973388672,172.04917907714844,161.68519592285156,226.40650939941406,3,0.9363352656364441
29,1069,185.60794067382812,10.63299560546875,154.72918701171875,628.70849609375,21,0.8636904954910278
30,1074,183.88475036621094,127.9417724609375,163.21766662597656,200.11224365234375,4,0.9396149516105652
31,1076,230.810302734375,162.40594482421875,195.89569091796875,276.08428955078125,7,0.900507926940918
32,1078,170.00018310546875,132.7395782470703,259.23583984375,289.12486267089844,7,0.9079439043998718
33,1079,153.9923095703125,113.34004211425781,17.704559326171875,59.31683349609375,15,0.8413394689559937
34,1079,304.5858459472656,242.46298217773438,9.16656494140625,35.75616455078125,15,0.8154221177101135
35,1080,287.68536376953125,99.36087036132812,22.6068115234375,99.68890380859375,15,0.8283510208129883
36,1088,234.29730224609375,241.4212646484375,195.248291015625,88.98974609375,15,0.860492467880249
37,1089,209.45587158203125,157.82962036132812,219.68963623046875,236.61956787109375,5,0.9379667639732361
38,1091,288.5147399902344,210.31600952148438,200.72564697265625,254.7432861328125,5,0.9272708892822266
39,1096,124.64190673828125,122.10829162597656,259.21905517578125,293.56834411621094,5,0.9160398840904236
40,1097,227.32870483398438,125.66285705566406,130.375,425.96385192871094,21,0.9018933176994324
41,1099,182.81723022460938,136.33828735351562,216.84906005859375,245.79217529296875,17,0.9154434204101562
42,11,474.23858642578125,158.71115112304688,51.692138671875,138.11087036132812,15,0.6817569732666016
43,1102,158.41610717773438,87.83673095703125,164.64227294921875,232.63821411132812,6,0.9420146942138672
44,1118,300.21484375,96.703369140625,183.92926025390625,86.26229858398438,15,0.7716529965400696
45,1122,257.23828125,156.40753173828125,160.6351318359375,227.698974609375,9,0.939491331577301
46,1123,249.1142578125,153.20721435546875,258.70452880859375,314.02618408203125,20,0.9041224122047424
47,1126,240.35302734375,142.765625,150.66741943359375,243.541748046875,7,0.9224085807800293
48,113,237.56954956054688,161.0711669921875,213.22064208984375,270.73822021484375,5,0.9355706572532654
49,1130,125.40374755859375,47.00177001953125,321.8089599609375,482.81390380859375,18,0.9376949667930603
50,1132,220.7777099609375,94.2847900390625,312.369140625,358.217529296875,17,0.8996247053146362
51,1137,271.49847412109375,115.42999267578125,118.9195556640625,227.75808715820312,11,0.9229377508163452
52,1139,155.5786590576172,122.42623901367188,239.78211975097656,335.66162109375,7,0.8526598811149597
53,1139,28.14641571044922,591.2476806640625,212.50971221923828,48.727783203125,9,0.5743402242660522
54,1143,247.0186767578125,203.62657165527344,143.89990234375,186.85719299316406,2,0.9022921919822693
55,1147,206.50274658203125,108.50662231445312,135.6441650390625,263.1650695800781,10,0.9203968048095703
56,1151,169.54383850097656,124.38882446289062,320.57896423339844,340.5108642578125,13,0.9163710474967957
57,1152,23.752683639526367,121.05197143554688,34.01608467102051,100.21417236328125,15,0.8220986127853394
58,1152,489.3775634765625,128.0211181640625,36.93408203125,136.78076171875,15,0.7730494141578674
59,1161,172.4178466796875,80.16519165039062,372.72784423828125,411.061767578125,17,0.9249653816223145
60,1162,201.76657104492188,104.01736450195312,246.4276123046875,341.265625,10,0.9409918189048767
61,1163,135.1416473388672,130.3656005859375,345.74110412597656,438.8597412109375,4,0.9208143949508667
62,1164,124.14485168457031,146.08489990234375,296.60350036621094,365.6468505859375,20,0.9343097805976868
63,1166,180.99427795410156,95.79653930664062,167.07420349121094,208.84237670898438,6,0.9380804300308228
64,1169,272.60321044921875,73.595458984375,136.264404296875,399.83050537109375,12,0.8321540355682373
65,1170,214.65342712402344,106.73448181152344,256.87294006347656,298.90675354003906,5,0.9199506640434265
66,1170,115.51103210449219,217.9251251220703,115.2935791015625,296.17015075683594,15,0.7882239818572998
67,1172,118.25418090820312,183.52809143066406,252.15823364257812,245.20994567871094,3,0.9265551567077637
68,1172,370.133056640625,408.54730224609375,191.47344970703125,91.58428955078125,15,0.42520639300346375
69,1178,526.0799560546875,262.82586669921875,18.854736328125,81.09423828125,15,0.8243904113769531
70,1178,127.2311019897461,265.6515197753906,19.80561065673828,76.15234375,15,0.7858548760414124
71,1182,237.27255249023438,115.70732879638672,160.51434326171875,210.91144561767578,7,0.9279571175575256
72,1186,215.28367614746094,185.92601013183594,200.60841369628906,179.67433166503906,2,0.935802161693573
73,1186,0.0,208.35386657714844,127.59986114501953,169.80079650878906,7,0.6077225208282471
74,119,191.06903076171875,134.2359619140625,208.76220703125,229.7303466796875,9,0.9427246451377869
75,1192,239.37855529785156,77.39068603515625,225.71910095214844,315.3039855957031,18,0.9377162456512451
76,1195,216.52163696289062,372.34405517578125,71.17205810546875,179.1492919921875,21,0.9409356713294983
77,1198,206.97784423828125,126.79888916015625,229.29241943359375,268.55389404296875,9,0.9261812567710876
78,1199,272.2479553222656,186.80726623535156,154.0859375,250.90391540527344,19,0.9027591943740845
79,1204,288.5089111328125,165.3240966796875,232.7467041015625,236.61865234375,3,0.9304443597793579
80,1206,197.43218994140625,133.63523864746094,238.9757080078125,273.40419006347656,7,0.9066082835197449
81,1208,77.06834411621094,77.33770751953125,465.86988830566406,542.3783569335938,10,0.9047390818595886
82,1213,183.09776306152344,109.50982666015625,200.00904846191406,315.442138671875,2,0.9264948964118958
83,1214,257.17041015625,151.23828125,195.096435546875,283.1727294921875,19,0.9205998182296753
84,1215,229.1220703125,167.95469665527344,273.81719970703125,289.34107971191406,4,0.9107980132102966
85,1218,224.22482299804688,154.57582092285156,180.04119873046875,262.05552673339844,7,0.9293467402458191
86,1219,204.17002868652344,6.323516845703125,175.37965393066406,441.8202819824219,21,0.8782294392585754
87,1219,0.007171630859375,96.21046447753906,94.4303207397461,361.68101501464844,21,0.8012007474899292
88,1222,187.22337341308594,97.5384521484375,248.34632873535156,280.6630859375,18,0.9291327595710754
89,1225,156.07037353515625,75.35125732421875,270.0281982421875,311.4979248046875,5,0.9248007535934448
90,1227,418.03533935546875,111.11074829101562,144.6256103515625,189.65744018554688,4,0.9437419772148132
91,1227,132.5477294921875,317.59027099609375,147.38900756835938,198.6348876953125,4,0.9264692068099976
92,1231,162.16677856445312,35.644561767578125,56.38232421875,197.90692138671875,15,0.7640239000320435
93,1233,208.54989624023438,125.37803649902344,171.60162353515625,280.25123596191406,19,0.9110457897186279
94,1236,131.77694702148438,138.45167541503906,291.0849609375,284.97703552246094,17,0.9107645750045776
95,124,210.91741943359375,195.063232421875,213.40264892578125,267.87725830078125,9,0.9228795766830444
96,1241,281.41204833984375,160.89468383789062,247.2794189453125,328.585693359375,17,0.9140534996986389
97,1242,211.6260986328125,136.58546447753906,160.53802490234375,257.91575622558594,1,0.9157125353813171
98,1248,155.32269287109375,242.65606689453125,167.44287109375,192.246826171875,7,0.9292824864387512
99,1249,182.10293579101562,174.75482177734375,182.512939453125,282.53717041015625,17,0.9142219424247742
100,125,208.56948852539062,78.3753662109375,268.50091552734375,409.86944580078125,12,0.8996814489364624
101,1250,209.55133056640625,146.6016387939453,256.10699462890625,340.73741149902344,13,0.9300349354743958
102,1252,134.89599609375,91.07775115966797,240.15582275390625,240.86017608642578,5,0.9244032502174377
103,1262,201.30859375,107.89430236816406,20.294708251953125,77.39309692382812,15,0.6893372535705566
104,1263,216.2497100830078,191.5011749267578,198.76597595214844,239.32176208496094,5,0.931721031665802
105,1264,231.57191467285156,152.8883056640625,200.75865173339844,300.67059326171875,1,0.9259501099586487
106,127,172.14459228515625,110.42660522460938,285.44580078125,347.0660400390625,20,0.9265681505203247
107,1270,276.90557861328125,152.67337036132812,201.9981689453125,310.9837646484375,3,0.9183169603347778
108,1273,220.8234100341797,169.66204833984375,184.60438537597656,242.57928466796875,2,0.9126375317573547
109,1277,200.21536254882812,2.3533935546875,162.2188720703125,512.4132690429688,8,0.8166283965110779
110,1283,290.7640380859375,120.23381042480469,103.11578369140625,371.12245178222656,12,0.854934573173523
111,1284,535.4033813476562,175.950927734375,58.465087890625,180.4752197265625,8,0.8983221650123596
112,1284,0.0205078125,147.32968139648438,51.909324645996094,182.55636596679688,8,0.8868337273597717
113,1284,267.4903564453125,161.95480346679688,60.531982421875,179.8572998046875,8,0.8825173377990723
114,1286,296.04364013671875,167.80856323242188,181.92071533203125,227.2757568359375,13,0.9292213320732117
115,1291,192.25869750976562,131.6600341796875,207.3819580078125,289.69024658203125,18,0.926205575466156
116,1292,277.1372985839844,125.24435424804688,66.24871826171875,192.25936889648438,8,0.913171112537384
117,1292,565.2215576171875,139.18218994140625,64.95263671875,189.89398193359375,8,0.8986461758613586
118,1292,0.02191925048828125,111.23312377929688,48.88850402832031,196.87066650390625,8,0.8955758213996887
119,1294,264.3465576171875,129.3840789794922,193.4088134765625,392.95924377441406,4,0.9175744652748108
120,1296,272.93023681640625,109.47787475585938,119.3541259765625,263.37908935546875,21,0.8200706839561462
121,1299,28.968353271484375,190.3551025390625,170.76101684570312,366.85260009765625,21,0.4330725371837616
122,1301,132.79620361328125,79.3443603515625,225.53094482421875,259.96612548828125,5,0.9240341782569885
123,1302,114.55659484863281,59.802825927734375,290.0961151123047,417.4215087890625,12,0.9010111093521118
124,1306,205.1906280517578,134.50418090820312,138.12461853027344,195.51934814453125,7,0.9002447128295898
125,1307,340.32568359375,185.92767333984375,72.6214599609375,224.66925048828125,15,0.8956125378608704
126,1308,161.5085906982422,136.5996856689453,265.23951721191406,320.63352966308594,4,0.933766782283783
127,1311,238.87913513183594,85.79510498046875,223.35047912597656,307.09271240234375,1,0.9124706387519836
128,1316,133.23944091796875,126.446533203125,268.555908203125,414.4923095703125,3,0.907924234867096
129,1317,177.74169921875,200.91856384277344,56.012176513671875,171.54627990722656,8,0.890109658241272
130,1324,201.4372100830078,134.443115234375,219.70079040527344,293.23797607421875,16,0.9325023293495178
131,1325,237.80047607421875,217.866943359375,115.4627685546875,336.91973876953125,21,0.8332296013832092
132,1328,142.28564453125,174.35040283203125,217.0006103515625,280.178466796875,7,0.9221237897872925
133,1329,188.283447265625,78.09341430664062,190.91143798828125,272.3966979980469,5,0.9243860840797424
134,133,242.7260284423828,169.4801025390625,193.47459411621094,259.63592529296875,12,0.9072070717811584
135,1333,196.9588623046875,84.17999267578125,226.31591796875,445.49053955078125,8,0.9002106785774231
136,1334,246.17185974121094,136.7425537109375,215.01136779785156,312.1444091796875,1,0.9216668605804443
137,1337,256.7389831542969,216.33131408691406,169.58966064453125,203.95921325683594,9,0.9326477646827698
138,1339,191.18099975585938,120.18978881835938,200.67559814453125,225.13003540039062,9,0.9345313906669617
139,1342,199.57415771484375,188.00445556640625,194.8590087890625,216.9964599609375,10,0.933295488357544
140,1343,231.6832275390625,165.8657684326172,218.4559326171875,258.79603576660156,17,0.9198572635650635
141,1344,322.537841796875,197.9817352294922,71.05645751953125,238.53260803222656,21,0.8973583579063416
142,1344,506.4979248046875,453.31158447265625,49.4456787109375,183.0687255859375,12,0.7669684886932373
143,1346,224.1841278076172,151.49095153808594,266.98683166503906,339.37977600097656,18,0.9162065982818604
144,1348,149.5928497314453,56.880157470703125,320.83348083496094,365.9903564453125,13,0.9223047494888306
145,1350,235.19805908203125,164.248046875,179.56719970703125,231.41058349609375,4,0.9171249270439148
146,1357,192.44744873046875,132.7529296875,270.88580322265625,317.53448486328125,9,0.9261344075202942
147,1358,280.1676330566406,241.10589599609375,50.971435546875,43.30914306640625,4,0.874305784702301
148,1361,281.39654541015625,312.1719970703125,188.58282470703125,210.5008544921875,9,0.9199965000152588
149,1368,232.38023376464844,74.98553466796875,251.94276428222656,359.553955078125,10,0.9418399930000305
150,1373,295.44525146484375,133.19180297851562,62.7081298828125,190.0001220703125,8,0.8977124691009521
151,1373,0.3233489990234375,117.39779663085938,66.97317504882812,193.33462524414062,8,0.8900825381278992
152,1373,581.09716796875,146.92987060546875,58.2802734375,189.8671875,8,0.8852052688598633
153,1374,169.53500366210938,116.03329467773438,251.02789306640625,282.6656494140625,20,0.9311214089393616
154,1376,243.2316131591797,171.49795532226562,154.17140197753906,135.21978759765625,10,0.9318248629570007
155,1377,198.59890747070312,292.13818359375,212.14495849609375,112.528564453125,15,0.7943509817123413
156,1378,316.62017822265625,0.4154052734375,236.8089599609375,253.01234436035156,2,0.9008352756500244
157,1380,310.85284423828125,155.353759765625,72.18115234375,183.67684936523438,15,0.4734199643135071
158,1384,258.7945251464844,174.11361694335938,114.297607421875,301.28857421875,8,0.8676282167434692
159,1388,270.231201171875,88.27645874023438,223.2337646484375,240.72927856445312,16,0.9307590126991272
160,139,183.0888671875,33.84918212890625,315.87054443359375,388.48248291015625,4,0.9084223508834839
161,1390,337.4154357910156,103.47457885742188,172.56964111328125,222.76022338867188,16,0.9085850715637207
162,1395,203.5985107421875,135.57164001464844,207.956787109375,241.32032775878906,4,0.9348803758621216
163,1397,202.12677001953125,110.94117736816406,268.77069091796875,291.02488708496094,20,0.900942325592041
164,140,159.47813415527344,113.36190795898438,256.19190979003906,267.0695495605469,16,0.930121123790741
165,1407,256.9334716796875,193.08810424804688,118.62115478515625,140.4466552734375,13,0.9188237190246582
166,1409,281.2020263671875,258.50592041015625,264.45654296875,243.45672607421875,9,0.9063125848770142
167,141,194.17236328125,206.0201416015625,194.0511474609375,235.6669921875,18,0.9205905795097351
168,1412,198.02435302734375,125.73016357421875,235.7537841796875,285.0533447265625,4,0.9334303736686707
169,1413,204.01275634765625,190.24102783203125,221.47174072265625,267.83953857421875,14,0.7938823103904724
170,1413,287.592529296875,191.29067993164062,136.5780029296875,266.29534912109375,14,0.6610968708992004
171,1415,143.7442169189453,96.6903076171875,277.05442810058594,490.7691650390625,8,0.8917983174324036
172,1416,230.78213500976562,146.029052734375,170.47637939453125,318.03497314453125,17,0.893657386302948
173,1418,311.1724853515625,159.88525390625,129.6357421875,166.93701171875,7,0.9051325917243958
174,1420,217.21231079101562,174.24810791015625,233.83892822265625,263.22308349609375,20,0.9085264205932617
175,1423,193.51715087890625,205.1168975830078,157.2655029296875,266.69651794433594,14,0.921280562877655
176,1428,246.57797241210938,86.10931396484375,231.1624755859375,388.1800537109375,6,0.9294551610946655
177,1429,183.31040954589844,150.49081420898438,243.22389221191406,298.18695068359375,13,0.9140741229057312
178,143,247.97930908203125,105.900634765625,337.30487060546875,255.0587158203125,18,0.8947810530662537
179,1435,281.659423828125,43.9273681640625,175.57568359375,484.2060546875,21,0.8582525849342346
180,1435,63.308837890625,483.65472412109375,122.03167724609375,156.34527587890625,16,0.787219762802124
181,1436,198.412841796875,79.59149169921875,243.12921142578125,433.38275146484375,8,0.8360555768013
182,1437,204.83648681640625,153.04489135742188,166.44134521484375,248.78570556640625,5,0.9213244915008545
183,1442,334.34222412109375,137.92425537109375,186.72314453125,191.241943359375,2,0.900192141532898
184,1449,125.09070587158203,190.3057861328125,243.55663299560547,270.94451904296875,4,0.929207980632782
185,145,291.01959228515625,152.938720703125,115.1246337890625,191.1751708984375,7,0.9180563688278198
186,1451,394.73541259765625,185.246337890625,61.7701416015625,88.66796875,10,0.9154624938964844
187,1451,233.57443237304688,45.10625076293945,57.55877685546875,88.40484237670898,10,0.9049217104911804
188,1455,256.57110595703125,145.95233154296875,204.36181640625,272.7205810546875,6,0.9315123558044434
189,1456,389.736328125,108.11685180664062,124.2677001953125,275.7710876464844,16,0.9294114112854004
190,1457,189.60430908203125,118.94129943847656,181.61236572265625,348.24754333496094,17,0.8668358325958252
191,1460,176.48147583007812,147.10964965820312,189.43096923828125,252.20703125,5,0.9425067901611328
192,1461,91.353271484375,18.256256103515625,421.85272216796875,491.81622314453125,6,0.9078472256660461
193,147,204.68067932128906,196.04574584960938,172.70982360839844,220.41973876953125,3,0.9394723773002625
194,1473,243.88818359375,29.864776611328125,184.680908203125,469.94195556640625,8,0.8746453523635864
195,1476,291.90521240234375,235.46714782714844,75.59039306640625,151.93434143066406,21,0.9125620722770691
196,1477,141.96572875976562,77.68844604492188,179.41790771484375,250.91909790039062,3,0.9322173595428467
197,1478,194.9027099609375,109.55072021484375,234.9052734375,295.8411865234375,17,0.9178062677383423
198,1478,591.287841796875,425.9366455078125,48.712158203125,134.45263671875,10,0.72743821144104
199,1479,202.1619110107422,56.112091064453125,190.01490783691406,282.87841796875,14,0.9172894358634949
200,1481,284.696044921875,171.53680419921875,81.167236328125,227.41546630859375,15,0.8353770971298218
201,1481,605.6075439453125,478.1093444824219,34.224853515625,161.56155395507812,4,0.39837512373924255
202,1484,173.94580078125,178.53196716308594,220.97015380859375,200.83863830566406,7,0.9274553060531616
203,1487,249.8512420654297,0.0,151.04664611816406,148.6839599609375,6,0.9319103956222534
204,1491,185.89291381835938,194.00843811035156,215.33447265625,235.43309020996094,13,0.90310138463974
205,1499,61.5557861328125,36.26922607421875,260.09674072265625,375.72552490234375,2,0.9314207434654236
206,1503,256.7094421386719,208.5465850830078,126.30230712890625,126.03343200683594,2,0.9363836646080017
207,1513,221.07374572753906,93.00238037109375,263.55247497558594,306.44647216796875,5,0.9276115894317627
208,1516,245.5054473876953,287.1439514160156,117.57237243652344,135.52142333984375,16,0.9314095377922058
209,1518,473.489990234375,359.4580078125,43.891845703125,120.0062255859375,8,0.9082702398300171
210,1518,292.706298828125,348.49310302734375,46.13909912109375,125.6995849609375,8,0.902140736579895
211,1518,108.8291015625,340.499267578125,46.60101318359375,125.30078125,8,0.887744665145874
212,1519,234.87982177734375,196.673095703125,81.21160888671875,235.2071533203125,21,0.8851518630981445
213,1522,291.11395263671875,298.47613525390625,213.86065673828125,107.0333251953125,15,0.8645614385604858
214,1523,121.23587036132812,4.9537353515625,376.05364990234375,484.88323974609375,18,0.8860353827476501
215,1525,247.48751831054688,254.4730224609375,83.87158203125,90.89068603515625,6,0.9269884824752808
216,1526,227.91917419433594,131.00433349609375,262.22010803222656,358.18658447265625,6,0.9167807698249817
217,1533,177.41058349609375,120.4747314453125,246.41693115234375,309.44091796875,14,0.8850085139274597
218,1535,224.30335998535156,49.792999267578125,248.91551208496094,428.60601806640625,6,0.9060986638069153
219,1538,218.19662475585938,270.8698425292969,40.81201171875,25.33355712890625,15,0.8512832522392273
220,1538,425.77789306640625,383.2799072265625,21.7283935546875,69.04541015625,15,0.7967134118080139
221,1550,243.551513671875,154.07470703125,109.65814208984375,190.29400634765625,3,0.9311396479606628
222,1552,256.4226989746094,155.40292358398438,171.17523193359375,263.45166015625,14,0.9120806455612183
223,1563,208.12982177734375,152.8780059814453,280.411376953125,334.91600036621094,17,0.8926447033882141
224,1565,320.3263244628906,57.34563446044922,181.19378662109375,179.66516876220703,2,0.890162467956543
225,1566,269.442626953125,89.7928466796875,44.93310546875,308.80938720703125,8,0.7983483076095581
226,1567,254.20396423339844,216.33331298828125,173.92897033691406,310.01007080078125,16,0.9321717619895935
227,157,163.506103515625,44.59959411621094,414.97747802734375,452.09388732910156,18,0.8852499127388
228,1570,308.12237548828125,152.77301025390625,203.3497314453125,285.76300048828125,3,0.9298974871635437
229,1574,132.054443359375,84.12823486328125,333.22979736328125,414.63092041015625,18,0.9383856058120728
230,1577,143.7878875732422,74.21331787109375,339.34205627441406,401.9677734375,18,0.9316799640655518
231,1579,222.86831665039062,137.30897521972656,200.13421630859375,334.06211853027344,20,0.9333996176719666
232,1581,175.19265747070312,139.53363037109375,277.09246826171875,381.06500244140625,18,0.8962222337722778
233,1583,282.4237060546875,132.65330505371094,151.4578857421875,339.61085510253906,21,0.7330701947212219
234,1584,285.337890625,282.8334045410156,69.940673828125,74.2806396484375,10,0.9287043809890747
235,1586,182.6957550048828,193.69598388671875,214.56919860839844,290.90216064453125,14,0.9223150014877319
236,1589,194.25003051757812,131.355712890625,233.9930419921875,231.03060913085938,7,0.8899941444396973
237,159,175.512451171875,94.4033203125,209.6329345703125,322.3089599609375,7,0.9247451424598694
238,159,424.44708251953125,305.716552734375,215.55291748046875,334.283447265625,20,0.33750349283218384
239,1597,145.5772705078125,75.55155944824219,136.32275390625,164.31576538085938,13,0.9123808145523071
240,1597,389.2967834472656,415.338134765625,87.82867431640625,118.07086181640625,13,0.903507649898529
241,1599,183.73182678222656,344.04217529296875,195.08201599121094,209.8359375,9,0.9282614588737488
242,160,196.54173278808594,151.6019287109375,214.30409240722656,272.6446533203125,16,0.9174439907073975
243,160,50.86309814453125,451.2425537109375,76.22604370117188,188.7574462890625,21,0.4000810384750366
244,160,51.73414993286133,450.7484130859375,74.53863143920898,189.064697265625,15,0.34571442008018494
245,1600,326.572509765625,360.77496337890625,161.3040771484375,176.3048095703125,9,0.9074883460998535
246,1602,280.6148681640625,223.1439666748047,97.06146240234375,127.54798889160156,13,0.9016396999359131
247,1604,192.1688995361328,157.06927490234375,244.00352478027344,313.0185546875,6,0.9141784310340881
248,1604,0.08148193359375,0.1080169677734375,170.8573760986328,231.603759765625,20,0.3335716724395752
249,1605,165.92408752441406,95.6766357421875,283.28526306152344,344.64031982421875,18,0.915077805519104
250,161,203.00408935546875,168.76983642578125,181.35809326171875,230.41546630859375,20,0.9274178743362427
251,1613,317.51397705078125,153.03700256347656,152.7381591796875,364.06114196777344,14,0.8639160990715027
252,1618,164.48191833496094,115.4459228515625,267.59364318847656,340.9017333984375,14,0.9152808785438538
253,1619,142.1602783203125,99.07293701171875,228.5054931640625,220.8779296875,16,0.9257240891456604
254,1626,120.42929077148438,91.35382080078125,237.019775390625,197.587890625,2,0.924277126789093
255,1635,173.31060791015625,121.7822265625,317.24505615234375,367.8546142578125,17,0.9220426678657532
256,164,184.3192138671875,79.11495971679688,265.5963134765625,332.6473388671875,6,0.9255566596984863
257,1642,163.5179443359375,97.96054077148438,245.916748046875,293.629150390625,20,0.9331349730491638
258,1643,274.0076904296875,102.79803466796875,117.87237548828125,192.4921875,3,0.9232383966445923
259,1646,216.6845703125,136.97506713867188,221.3660888671875,329.58770751953125,18,0.8924983143806458
260,1650,286.70404052734375,201.2301025390625,154.5806884765625,164.34490966796875,4,0.9348244667053223
261,1655,304.90447998046875,177.569091796875,55.579833984375,154.89822387695312,21,0.66551673412323
262,1658,270.82342529296875,265.5355224609375,72.601806640625,116.8768310546875,3,0.7865757942199707
263,1659,183.21380615234375,138.20216369628906,270.08807373046875,312.11033630371094,20,0.9227466583251953
264,1661,180.21871948242188,142.6683807373047,165.7972412109375,270.05189514160156,13,0.8116937875747681
265,1666,309.46087646484375,206.2068328857422,242.842529296875,214.85865783691406,16,0.9263513684272766
266,1669,223.65066528320312,33.24858856201172,38.3236083984375,33.04469299316406,15,0.851865828037262
267,1669,90.59986877441406,133.5916290283203,16.994293212890625,78.7471923828125,15,0.8389182090759277
268,1669,462.19366455078125,169.01266479492188,13.9671630859375,60.83221435546875,15,0.8126397728919983
269,1669,6.825714111328125,154.41986083984375,44.13910675048828,73.57275390625,16,0.8119146227836609
270,167,216.5517578125,150.52883911132812,178.171142578125,253.2843017578125,10,0.935312032699585
271,1670,153.67132568359375,132.78338623046875,285.1458740234375,326.47430419921875,20,0.9341261386871338
272,1671,256.58721923828125,138.9488067626953,247.161376953125,260.42417907714844,4,0.9186673760414124
273,1672,207.4893798828125,178.9425048828125,146.68194580078125,164.043701171875,13,0.9031385183334351
274,1675,357.4139404296875,1.273834228515625,225.54669189453125,246.18954467773438,10,0.9254379272460938
275,1676,191.05203247070312,131.87017822265625,234.6412353515625,356.15301513671875,14,0.9135864973068237
276,1678,248.75311279296875,286.37969970703125,108.811279296875,111.5367431640625,2,0.9238628149032593
277,168,201.4677734375,79.55982971191406,317.83087158203125,376.49607849121094,18,0.9224284887313843
278,1681,52.271392822265625,26.4498291015625,383.89556884765625,513.0830078125,20,0.8777614235877991
279,1684,197.00930786132812,110.47119140625,220.8084716796875,302.52276611328125,5,0.9261548519134521
280,1689,242.51585388183594,180.63232421875,168.53871154785156,300.5277099609375,14,0.8935534358024597
281,1691,195.25079345703125,159.23077392578125,154.63177490234375,233.1075439453125,3,0.9427105188369751
282,1692,124.79634094238281,242.774658203125,72.10610961914062,180.2008056640625,21,0.7064884901046753
283,1695,464.7100830078125,105.0078125,131.6820068359375,116.39804077148438,16,0.9256194829940796
284,1695,295.618408203125,428.51849365234375,75.75244140625,80.8831787109375,16,0.8948415517807007
285,170,203.7789306640625,93.25015258789062,213.668212890625,231.90365600585938,3,0.5055773258209229
286,1700,195.57855224609375,113.1688232421875,160.3743896484375,386.22076416015625,20,0.9055283069610596
287,1701,375.396240234375,66.45314025878906,92.494140625,115.12898254394531,2,0.9414280652999878
288,1707,516.5216064453125,498.7867736816406,119.982666015625,141.17379760742188,10,0.9200565218925476
289,1707,189.96536254882812,138.05206298828125,249.127685546875,334.0096435546875,17,0.9031491279602051
290,1708,145.98146057128906,29.779258728027344,244.28038024902344,221.15009307861328,2,0.9068315625190735
291,1711,225.0608367919922,229.0616455078125,226.71302795410156,116.98223876953125,15,0.87441486120224
292,1714,251.3171844482422,189.94757080078125,199.61415100097656,284.932373046875,6,0.9198449850082397
293,1717,148.922119140625,100.86431884765625,329.473876953125,357.6546630859375,20,0.9340216517448425
294,1720,209.14480590820312,121.0973892211914,127.875732421875,157.69237518310547,10,0.9318850040435791
295,1723,199.62660217285156,83.192626953125,328.14146423339844,366.33587646484375,4,0.9150471687316895
296,1727,202.0603790283203,279.7489013671875,251.09629821777344,142.5565185546875,15,0.8826522827148438
297,1729,412.80523681640625,408.93682861328125,130.143310546875,137.335205078125,13,0.9333191514015198
298,1729,133.70535278320312,60.12824249267578,154.56939697265625,203.27782440185547,13,0.9168351292610168
299,173,261.74822998046875,187.64593505859375,177.9503173828125,251.0140380859375,9,0.9309995174407959
300,1730,221.1920928955078,125.70010375976562,231.80918884277344,339.4871826171875,14,0.9225576519966125
301,1733,184.3672637939453,149.988525390625,300.41416931152344,432.321533203125,18,0.9258251190185547
302,1734,151.97506713867188,232.19476318359375,42.12506103515625,98.74017333984375,15,0.8641419410705566
303,1737,274.5657958984375,130.41232299804688,185.575927734375,242.23428344726562,5,0.9182248115539551
304,1738,234.6429901123047,136.1842041015625,115.84010314941406,342.010986328125,8,0.8794704079627991
305,1742,357.9466552734375,75.80245208740234,134.3326416015625,168.07984161376953,13,0.9127399921417236
306,1742,168.05029296875,400.39385986328125,102.67532348632812,134.59375,13,0.9090689420700073
307,1743,157.52369689941406,0.0,357.11375427246094,618.437744140625,8,0.8789473176002502
308,1744,217.56610107421875,118.62300872802734,243.35888671875,224.01996612548828,7,0.8811836838722229
309,1748,403.4091796875,2.624908447265625,128.49566650390625,163.052978515625,10,0.9296284317970276
310,1748,83.44841003417969,396.84747314453125,76.18829345703125,109.146728515625,10,0.9270912408828735
311,1751,305.07794189453125,109.95809936523438,107.8575439453125,111.99581909179688,2,0.9109684228897095
312,1753,214.41358947753906,33.77044677734375,161.79710388183594,460.4964599609375,20,0.862589418888092
313,1754,255.83001708984375,180.87916564941406,99.83154296875,232.70921325683594,15,0.7913855910301208
314,1758,397.29998779296875,90.73373413085938,125.69976806640625,138.36993408203125,16,0.9308428764343262
315,1758,121.42193603515625,384.343017578125,103.47128295898438,125.443359375,16,0.9201714992523193
316,1760,237.9878387451172,212.0830841064453,159.50123596191406,181.25962829589844,6,0.9190234541893005
317,1762,252.968017578125,227.95980834960938,117.7635498046875,170.06353759765625,13,0.8860584497451782
318,1763,180.84860229492188,0.0,253.01727294921875,127.61624145507812,2,0.9272308349609375
319,1768,137.48374938964844,110.61737060546875,367.11317443847656,479.73583984375,21,0.9251605272293091
320,177,326.24774169921875,208.44219970703125,121.6624755859375,250.32525634765625,10,0.9175969362258911
321,1770,259.4625244140625,205.53134155273438,119.3348388671875,122.81304931640625,7,0.9059284925460815
322,1774,407.8804931640625,81.3516845703125,175.4482421875,223.51052856445312,4,0.9372293949127197
323,1774,67.65573120117188,357.4180908203125,147.23394775390625,195.594482421875,4,0.8935196995735168
324,1776,235.26412963867188,88.2681884765625,172.03912353515625,294.02490234375,7,0.9095225930213928
325,1778,250.30157470703125,64.14593505859375,152.1805419921875,170.8541259765625,9,0.9298579096794128
326,1782,156.25045776367188,158.5048370361328,182.81561279296875,311.19029235839844,17,0.8859239816665649
327,1786,184.002685546875,201.41796875,136.854248046875,183.68768310546875,3,0.9382945895195007
328,1790,279.95892333984375,216.25042724609375,66.668212890625,185.59210205078125,15,0.9390710592269897
329,1790,595.1060791015625,0.0,44.8939208984375,95.60486602783203,16,0.5269031524658203
330,1790,366.70953369140625,280.2061767578125,21.2906494140625,118.1683349609375,15,0.2863221764564514
331,1792,325.3453369140625,91.77617645263672,49.6820068359375,93.35907745361328,4,0.7986047267913818
332,1794,299.8017578125,137.64767456054688,67.39886474609375,191.72271728515625,8,0.9050260782241821
333,1794,586.2032470703125,141.88067626953125,53.7967529296875,193.58724975585938,8,0.8920268416404724
334,1794,16.448471069335938,132.6693115234375,64.59858703613281,191.42440795898438,8,0.8876487016677856
335,180,159.94851684570312,94.56268310546875,248.07562255859375,355.09100341796875,14,0.9032374024391174
336,1805,148.37571716308594,105.228759765625,235.04347229003906,298.99896240234375,14,0.9034162163734436
337,1806,231.07427978515625,211.88772583007812,58.94854736328125,169.6300048828125,15,0.8980621099472046
338,1809,207.53955078125,126.6915054321289,246.514404296875,195.40471649169922,10,0.9123085737228394
339,181,139.78598022460938,130.7857208251953,214.38717651367188,269.44712829589844,10,0.9278883337974548
340,1811,192.90139770507812,126.95254516601562,265.95867919921875,292.202392578125,14,0.918300986289978
341,1812,170.92120361328125,102.46377563476562,190.1400146484375,282.5338134765625,18,0.9416155219078064
342,182,187.53472900390625,119.39295959472656,234.1915283203125,284.36387634277344,5,0.9305880069732666
343,1820,187.648681640625,130.7005615234375,205.54608154296875,192.66436767578125,10,0.3603355884552002
344,183,218.2183837890625,191.9344940185547,252.80810546875,301.42689514160156,20,0.9286811947822571
345,1832,304.2490234375,62.922271728515625,199.11669921875,293.16473388671875,16,0.9278183579444885
346,1838,183.350830078125,148.41226196289062,207.21807861328125,256.89117431640625,13,0.922062337398529
347,184,243.87371826171875,219.24781799316406,133.96832275390625,228.61778259277344,12,0.908171534538269
348,184,211.1607208251953,0.0,237.59837341308594,39.98828125,19,0.6129601001739502
349,1840,213.7480010986328,108.76800537109375,196.25340270996094,374.42327880859375,14,0.9122239351272583
350,1845,118.34234619140625,168.82504272460938,210.34329223632812,221.74969482421875,2,0.861737072467804
351,1845,0.0,380.4056396484375,43.103599548339844,237.47772216796875,7,0.5277659893035889
352,1855,319.88739013671875,102.77224731445312,132.68408203125,390.69012451171875,21,0.8935661911964417
353,1856,154.35986328125,104.27923583984375,194.88751220703125,261.98651123046875,3,0.931665301322937
354,1864,146.9864501953125,114.81976318359375,165.46377563476562,281.258056640625,19,0.8427557349205017
355,1868,284.551513671875,194.19613647460938,94.30877685546875,140.88201904296875,11,0.9223663210868835
356,1869,206.9596405029297,110.21160888671875,152.02516174316406,473.76715087890625,11,0.8936232924461365
357,1871,381.0933837890625,94.067626953125,70.1024169921875,108.95266723632812,1,0.9280505180358887
358,1871,199.446044921875,442.099365234375,50.28594970703125,76.9876708984375,1,0.9164776802062988
359,1872,200.5863037109375,99.61834716796875,186.4901123046875,338.73370361328125,12,0.9239171743392944
360,1873,192.64834594726562,150.6075897216797,179.48468017578125,267.25001525878906,19,0.9211981296539307
361,1875,174.24911499023438,97.41302490234375,140.90609741210938,294.418212890625,11,0.9152438640594482
362,188,178.1519317626953,185.31906127929688,192.10105895996094,262.80535888671875,1,0.9389312267303467
363,1884,283.7210693359375,189.25819396972656,119.8336181640625,235.99827575683594,19,0.905427098274231
364,1889,157.98719787597656,126.61006164550781,273.25633239746094,339.69334411621094,19,0.8894254565238953
365,1890,286.49224853515625,158.43832397460938,87.72137451171875,307.98516845703125,11,0.8913565278053284
366,1894,243.7955322265625,131.68194580078125,207.56591796875,282.151611328125,1,0.9126178622245789
367,190,259.47705078125,452.73870849609375,27.715087890625,82.686279296875,8,0.8715680241584778
368,190,378.90057373046875,458.6722412109375,28.08062744140625,81.4710693359375,8,0.8709671497344971
369,190,135.71499633789062,446.93341064453125,31.2379150390625,83.58135986328125,8,0.8585078120231628
370,191,27.84063720703125,101.36360168457031,286.06988525390625,371.90208435058594,16,0.9383748769760132
371,1915,205.20045471191406,98.40792846679688,182.78733825683594,365.43157958984375,12,0.9178788661956787
372,192,219.96788024902344,148.718505859375,167.03810119628906,264.84747314453125,12,0.9125092625617981
373,1924,226.6006622314453,154.42120361328125,140.58311462402344,260.006103515625,19,0.9061581492424011
374,1926,202.83575439453125,170.9366912841797,109.46832275390625,208.06446838378906,11,0.9182878136634827
375,1928,215.02984619140625,122.08511352539062,227.88714599609375,266.52099609375,11,0.9054334163665771
376,193,189.28497314453125,94.62079620361328,180.94207763671875,193.88915252685547,5,0.9208202362060547
377,1945,254.25027465820312,127.83050537109375,118.84075927734375,183.223876953125,19,0.8977903127670288
378,1946,143.9086151123047,124.30038452148438,256.94984436035156,384.76885986328125,1,0.9161598682403564
379,1947,202.0830078125,177.01870727539062,156.93817138671875,240.08978271484375,19,0.9231137633323669
380,1948,179.79632568359375,123.16522216796875,169.25341796875,257.58721923828125,1,0.9381625652313232
381,1948,502.9470520019531,465.1899719238281,127.88790893554688,169.76876831054688,3,0.9263575077056885
382,1950,162.83058166503906,103.8031005859375,249.22618103027344,332.734375,19,0.9000695943832397
383,1952,216.62127685546875,131.05130004882812,153.06622314453125,219.8995361328125,19,0.9224069714546204
384,1956,253.34730529785156,112.832763671875,74.27732849121094,370.13336181640625,11,0.7119126915931702
385,1958,248.6607208251953,148.36676025390625,222.79283142089844,326.075927734375,1,0.9293744564056396
386,196,131.93154907226562,174.52659606933594,291.546142578125,346.98109436035156,13,0.9271414279937744
387,1965,85.47095489501953,194.82272338867188,214.06438446044922,295.784423828125,11,0.9148083925247192
388,1968,223.1870574951172,174.35324096679688,180.03565979003906,226.31695556640625,11,0.9041780829429626
389,197,537.524658203125,128.77435302734375,65.1517333984375,198.07867431640625,8,0.9168257117271423
390,197,242.63458251953125,114.25137329101562,68.5877685546875,197.64291381835938,8,0.9124045372009277
391,197,0.0,99.52513885498047,12.726205825805664,203.81421661376953,8,0.4372127950191498
392,1970,237.9559326171875,222.1368408203125,147.70904541015625,308.3387451171875,11,0.9174371957778931
393,1972,219.51048278808594,201.77536010742188,128.35206604003906,215.04180908203125,11,0.9077578186988831
394,1974,247.98008728027344,154.42901611328125,182.77357482910156,284.21832275390625,1,0.9119183421134949
395,1980,266.9534912109375,183.3111572265625,180.209716796875,240.500732421875,12,0.9236383438110352
396,1984,328.59918212890625,73.93203735351562,288.32977294921875,371.9805908203125,19,0.9139619469642639
397,1986,141.17138671875,87.33908081054688,246.41571044921875,387.89752197265625,12,0.8930664658546448
398,1994,227.08367919921875,192.04705810546875,156.13525390625,241.18951416015625,19,0.9161717891693115
399,1995,421.44549560546875,95.48776245117188,124.529541015625,173.73110961914062,1,0.9242631793022156
400,1995,155.60101318359375,492.6832580566406,73.73654174804688,146.27584838867188,1,0.9049013257026672
401,1997,205.73605346679688,166.70980834960938,192.59112548828125,285.25579833984375,19,0.9219365119934082
402,1998,267.86407470703125,81.07601928710938,89.7615966796875,279.7361145019531,19,0.8762450814247131
403,1999,271.5896911621094,166.48565673828125,113.3861083984375,171.8580322265625,11,0.9091134667396545
404,2,252.9139404296875,178.433349609375,145.47503662109375,179.84326171875,10,0.9226658940315247
405,20,199.43792724609375,126.97293090820312,230.3968505859375,342.0,14,0.8803739547729492
406,2001,217.8111114501953,176.44570922851562,160.96849060058594,224.5841064453125,1,0.9407722353935242
407,2001,435.843505859375,385.88482666015625,140.32550048828125,171.6904296875,3,0.9269776344299316
408,2002,128.56878662109375,216.2742919921875,248.30230712890625,339.65655517578125,11,0.905535101890564
409,2008,242.5074462890625,237.42996215820312,96.94439697265625,221.46539306640625,19,0.9156972169876099
410,2009,159.15029907226562,175.68678283691406,158.95364379882812,333.10179138183594,11,0.89544677734375
411,2011,204.93304443359375,153.3051300048828,169.35980224609375,222.46141052246094,19,0.9357270002365112
412,2012,239.13351440429688,146.42910766601562,252.04632568359375,332.26080322265625,19,0.9238426685333252
413,2014,452.0296630859375,339.08636474609375,115.9385986328125,150.06292724609375,3,0.9251754283905029
414,2014,230.8849334716797,105.34685516357422,137.36598205566406,212.61396026611328,1,0.9236186742782593
415,2015,107.48416137695312,86.76470947265625,267.7835388183594,329.15753173828125,19,0.9107770323753357
416,2017,140.93466186523438,127.03631591796875,249.88189697265625,321.00787353515625,19,0.8818346261978149
417,2022,224.795654296875,88.17523193359375,186.4019775390625,282.14306640625,11,0.9164048433303833
418,2023,237.65499877929688,160.7640380859375,109.55731201171875,155.34548950195312,1,0.9277285933494568
419,2025,233.49957275390625,120.85613250732422,155.96343994140625,234.23029327392578,12,0.9200291633605957
420,2027,178.07247924804688,117.54449462890625,195.7935791015625,298.89410400390625,12,0.9306645393371582
421,2035,322.92584228515625,237.9075927734375,179.348876953125,299.443115234375,11,0.9303439259529114
422,2038,267.193603515625,159.12338256835938,109.1571044921875,153.9842529296875,11,0.9382185935974121
423,2041,230.82342529296875,128.402099609375,184.14886474609375,233.26129150390625,19,0.9282933473587036
424,2043,243.73849487304688,140.30557250976562,129.72296142578125,213.849853515625,1,0.9104403257369995
425,2047,271.5556640625,153.13494873046875,85.8076171875,245.63470458984375,11,0.9046977162361145
426,2047,0.024715423583984375,108.22858428955078,26.866886138916016,140.83190155029297,15,0.2796872556209564
427,2047,62.28924560546875,451.65301513671875,240.23464965820312,188.34698486328125,10,0.26945099234580994
428,2048,162.28900146484375,135.27700805664062,226.68487548828125,316.745361328125,1,0.917746901512146
429,2053,181.8988494873047,96.51878356933594,231.98683166503906,465.27223205566406,1,0.8986337780952454
430,2056,219.02655029296875,113.08648681640625,241.18939208984375,320.33056640625,9,0.9374794363975525
431,2064,345.24822998046875,161.7080078125,118.3526611328125,185.84173583984375,1,0.9182513356208801
432,2065,193.3260040283203,96.84098815917969,265.30332946777344,374.19337463378906,1,0.9255218505859375
433,2067,180.613525390625,147.49209594726562,212.40362548828125,299.98944091796875,12,0.9123658537864685
434,2068,211.46902465820312,164.1448974609375,127.66961669921875,217.38751220703125,11,0.9129635691642761
435,2076,121.59750366210938,118.78387451171875,223.08749389648438,304.04254150390625,19,0.8975836038589478
436,2077,185.8914794921875,161.80303955078125,213.95001220703125,284.21514892578125,12,0.9222939014434814
437,2081,5.132568359375,71.72785949707031,444.65228271484375,501.76438903808594,1,0.8763372898101807
438,2082,144.39633178710938,169.84312438964844,165.62393188476562,223.67384338378906,19,0.9030661582946777
439,2083,153.24896240234375,103.2142333984375,349.18743896484375,450.590087890625,1,0.9008994102478027
440,2085,250.4142303466797,203.15252685546875,140.77064514160156,222.3026123046875,11,0.916395366191864
441,2087,167.22476196289062,120.6871337890625,249.38385009765625,304.17755126953125,1,0.9147838354110718
442,2091,261.02294921875,167.3792724609375,139.57958984375,247.14691162109375,11,0.8940969705581665
443,2092,281.61663818359375,122.28829956054688,167.2630615234375,261.91009521484375,11,0.9355916380882263
444,220,196.09132385253906,87.27056884765625,129.78575134277344,185.41424560546875,5,0.9243117570877075
445,223,187.65721130371094,121.71481323242188,194.17970275878906,218.98464965820312,4,0.9150338768959045
446,231,243.0181121826172,89.00460815429688,75.33094787597656,207.00576782226562,15,0.8030470013618469
447,231,548.88720703125,106.21197509765625,71.698486328125,207.27554321289062,15,0.788191020488739
448,232,247.67303466796875,166.4812774658203,109.00323486328125,267.97154235839844,5,0.897689163684845
449,234,178.006591796875,151.89483642578125,241.97381591796875,290.7532958984375,20,0.9287731051445007
450,235,210.92138671875,146.31466674804688,189.54010009765625,246.8717041015625,9,0.9307997822761536
451,236,240.70945739746094,119.58502197265625,159.25758361816406,211.23611450195312,6,0.9386155605316162
452,240,274.35589599609375,154.1634521484375,157.464599609375,242.74810791015625,12,0.8793444037437439
453,242,252.44580078125,113.5850830078125,183.1197509765625,274.10601806640625,13,0.889028787612915
454,250,257.24981689453125,128.618896484375,185.4022216796875,308.5504150390625,19,0.8315373659133911
455,255,298.44561767578125,147.31246948242188,216.0177001953125,294.90155029296875,6,0.9319209456443787
456,256,289.3913879394531,162.68939208984375,85.3494873046875,104.987060546875,10,0.9054534435272217
457,260,213.35919189453125,75.0865478515625,201.1895751953125,248.56597900390625,16,0.9331905841827393
458,264,235.78634643554688,169.2169189453125,79.16107177734375,344.8353271484375,11,0.8859779834747314
459,269,298.41241455078125,269.79693603515625,52.6114501953125,160.1507568359375,21,0.8903586268424988
460,275,204.98187255859375,180.4735107421875,114.573486328125,160.1005859375,18,0.8951440453529358
461,276,175.33407592773438,164.70045471191406,184.39892578125,226.88572692871094,16,0.9210322499275208
462,279,174.5287628173828,128.5234375,230.45518493652344,321.5797119140625,17,0.9119189381599426
463,281,206.76132202148438,96.50442504882812,263.2667236328125,388.59912109375,14,0.9174583554267883
464,283,254.79766845703125,56.73089599609375,262.35748291015625,442.68682861328125,14,0.8858615756034851
465,284,235.83938598632812,166.16452026367188,89.681396484375,215.27130126953125,11,0.9106079936027527
466,288,202.06124877929688,145.92547607421875,171.00830078125,310.411865234375,10,0.9193095564842224
467,290,180.69613647460938,208.09230041503906,118.58633422851562,208.47190856933594,11,0.9054680466651917
468,290,250.13665771484375,0.020263671875,389.86334228515625,307.6304931640625,16,0.2775305211544037
469,290,262.947265625,0.0,377.052734375,311.93975830078125,2,0.26880061626434326
470,291,148.6957550048828,83.59600830078125,343.45799255371094,349.77154541015625,13,0.9065425395965576
471,293,167.10186767578125,167.87753295898438,268.22119140625,301.62579345703125,6,0.9261617064476013
472,295,219.83363342285156,196.82847595214844,190.20359802246094,235.64393615722656,9,0.9290487766265869
473,303,155.51873779296875,131.1097869873047,230.06170654296875,290.07228088378906,9,0.9239271283149719
474,305,124.75759887695312,127.84916687011719,169.02130126953125,274.11500549316406,2,0.9237715601921082
475,306,163.55780029296875,111.40835571289062,232.535400390625,257.8861083984375,16,0.9392913579940796
476,31,192.3305206298828,97.323974609375,220.68309020996094,332.36639404296875,10,0.9250606298446655
477,310,62.694244384765625,242.24615478515625,262.3898010253906,304.88873291015625,13,0.9150586724281311
478,312,169.9311981201172,117.51019287109375,272.47401428222656,341.13800048828125,13,0.9250724911689758
479,313,86.66357421875,149.72640991210938,292.78887939453125,214.89654541015625,18,0.9115507006645203
480,315,221.1259307861328,160.15533447265625,170.76719665527344,287.82489013671875,11,0.930762529373169
481,316,214.2428436279297,170.0775604248047,196.29652404785156,344.03150939941406,19,0.8511315584182739
482,316,210.57872009277344,169.87876892089844,201.01246643066406,344.51844787597656,9,0.4013530910015106
483,317,200.8879852294922,128.27859497070312,165.88673400878906,197.14105224609375,2,0.932575523853302
484,320,222.8780975341797,112.86029052734375,226.29420471191406,246.13232421875,3,0.9405036568641663
485,322,289.41229248046875,186.88082885742188,245.5819091796875,243.104248046875,17,0.9079861640930176
486,324,144.17007446289062,151.34100341796875,173.27737426757812,262.5340576171875,9,0.9289354085922241
487,325,176.95620727539062,148.101318359375,283.793212890625,319.05670166015625,6,0.9275330305099487
488,325,507.377197265625,173.50514221191406,132.4371337890625,466.03843688964844,15,0.8366093039512634
489,328,248.41123962402344,210.02757263183594,127.98658752441406,127.43983459472656,5,0.9248560667037964
490,328,258.8290710449219,0.136016845703125,92.49755859375,184.30740356445312,8,0.8759056329727173
491,339,294.2353210449219,168.468017578125,198.2926025390625,255.2010498046875,3,0.9381364583969116
492,340,90.8412857055664,413.28314208984375,107.88304901123047,137.236572265625,16,0.9314048290252686
493,340,382.29571533203125,49.769927978515625,138.92840576171875,171.93063354492188,16,0.9268976449966431
494,341,11.287125587463379,168.775634765625,25.15762233734131,85.6297607421875,15,0.8743972778320312
495,341,512.35791015625,180.43118286132812,17.982666015625,80.53936767578125,15,0.813427209854126
496,341,511.92047119140625,118.43473052978516,22.119873046875,141.45177459716797,15,0.37014690041542053
497,344,216.86795043945312,158.8804473876953,196.58721923828125,245.05455017089844,5,0.9292792081832886
498,344,18.660049438476562,422.2073974609375,93.6800537109375,217.5111083984375,8,0.6719750761985779
499,346,256.0133056640625,97.08154296875,102.10736083984375,183.678466796875,11,0.9189705848693848
500,348,216.89512634277344,184.53005981445312,212.08851623535156,262.15032958984375,6,0.9282283782958984
501,357,264.5162658691406,166.0130615234375,187.79730224609375,225.96923828125,3,0.9289447665214539
502,359,263.77178955078125,160.60980224609375,155.7957763671875,326.3175048828125,16,0.934979259967804
503,360,522.7986450195312,449.43499755859375,29.4697265625,86.38323974609375,8,0.8819513320922852
504,360,396.9212341308594,448.26690673828125,29.653076171875,85.359619140625,8,0.8739632964134216
505,360,273.6614990234375,446.20416259765625,29.77490234375,82.06402587890625,8,0.7700033187866211
506,363,262.35833740234375,181.68614196777344,189.5736083984375,250.59205627441406,6,0.928758978843689
507,364,238.5911102294922,189.25552368164062,188.69154357910156,221.35516357421875,12,0.8365787863731384
508,366,90.432373046875,139.1546173095703,181.44064331054688,277.55747985839844,4,0.9284446835517883
509,369,196.07769775390625,96.78662109375,230.6585693359375,306.552490234375,12,0.9240137338638306
510,37,564.5782470703125,352.69635009765625,75.4217529296875,255.293701171875,9,0.8854570984840393
511,382,284.61431884765625,5.95489501953125,94.58642578125,415.14044189453125,21,0.7736174464225769
512,385,199.89639282226562,127.83472442626953,144.57672119140625,222.33660125732422,19,0.9024040102958679
513,386,201.751708984375,181.8621826171875,265.54998779296875,339.75653076171875,14,0.908958375453949
514,387,33.68780517578125,47.319732666015625,267.71044921875,323.36212158203125,9,0.9384941458702087
515,388,235.82391357421875,130.20797729492188,212.35809326171875,307.5894775390625,3,0.8917630314826965
516,39,277.0832824707031,155.65647888183594,106.48260498046875,339.33741760253906,8,0.875720202922821
517,394,171.03045654296875,197.79339599609375,214.52545166015625,283.0648193359375,20,0.9224994778633118
518,422,215.52618408203125,220.17503356933594,153.697265625,204.71046447753906,2,0.931760311126709
519,428,181.63401794433594,145.1954345703125,243.34083557128906,300.87384033203125,6,0.9184432625770569
520,44,124.30532836914062,112.76687622070312,216.30801391601562,270.1164245605469,6,0.9335939884185791
521,447,600.11669921875,17.869964599609375,39.88330078125,235.43258666992188,15,0.8003034591674805
522,447,250.82919311523438,0.0,84.87774658203125,230.5293426513672,15,0.6987682580947876
523,447,250.28543090820312,0.0,85.24346923828125,229.2186279296875,7,0.5560582280158997
524,454,303.5626220703125,102.59735870361328,70.433349609375,204.07335662841797,8,0.9062497019767761
525,454,0.641937255859375,98.88922119140625,73.82119750976562,200.4578857421875,8,0.9001508951187134
526,454,607.14794921875,107.48324584960938,32.53759765625,204.47549438476562,8,0.838172435760498
527,455,246.37832641601562,178.56878662109375,261.52081298828125,374.76043701171875,6,0.9285020232200623
528,469,225.6698455810547,121.58946228027344,207.05458068847656,297.77040100097656,4,0.90977543592453
529,47,202.5855255126953,146.63043212890625,133.29649353027344,208.01144409179688,10,0.9125660061836243
530,470,213.8256072998047,136.02125549316406,202.95033264160156,286.85301208496094,17,0.9010962843894958
531,470,330.212890625,341.57403564453125,309.39300537109375,298.42596435546875,2,0.4832347333431244
532,470,332.134521484375,344.759033203125,307.865478515625,295.14556884765625,16,0.2872985303401947
533,478,157.66412353515625,96.07318115234375,412.8819580078125,437.19769287109375,16,0.923918604850769
534,486,190.49188232421875,115.01654052734375,314.0286865234375,346.62530517578125,13,0.9250500202178955
535,493,116.65158081054688,64.62384033203125,184.1658935546875,330.6334533691406,10,0.923000693321228
536,494,106.2607421875,162.7822265625,266.5059509277344,346.64117431640625,13,0.920850396156311
537,495,208.91976928710938,152.33848571777344,165.6904296875,242.52894592285156,2,0.9339796304702759
538,499,327.26129150390625,143.09115600585938,150.39495849609375,217.1905517578125,3,0.9401225447654724
539,5,73.52212524414062,113.81594848632812,207.50875854492188,255.56735229492188,2,0.919232189655304
540,50,52.608123779296875,55.060028076171875,164.8499755859375,210.62527465820312,6,0.9455263614654541
541,505,218.429931640625,87.3925552368164,163.62786865234375,230.48882293701172,7,0.9371703267097473
542,507,243.95062255859375,194.99978637695312,227.27130126953125,279.18695068359375,14,0.8390707969665527
543,511,316.7587890625,91.94989013671875,103.83978271484375,281.0190734863281,18,0.9050500988960266
544,517,150.02932739257812,118.9183349609375,289.98956298828125,327.936279296875,20,0.9169335961341858
545,520,238.8373260498047,118.21017456054688,164.90943908691406,152.22158813476562,6,0.9437964558601379
546,525,184.61550903320312,179.58804321289062,118.2564697265625,200.21014404296875,3,0.9208865761756897
547,536,205.76112365722656,167.02337646484375,101.40440368652344,183.514404296875,7,0.9232349395751953
548,538,227.72903442382812,143.47605895996094,204.51953125,229.23353576660156,18,0.930766761302948
549,541,184.1365966796875,74.39068603515625,229.293212890625,316.94146728515625,18,0.9056687951087952
550,542,25.648834228515625,131.483642578125,143.25430297851562,396.54937744140625,21,0.7677347660064697
551,549,458.44635009765625,103.3306884765625,181.3089599609375,512.1307373046875,21,0.8948971033096313
552,549,0.1361083984375,80.46795654296875,194.3739776611328,551.3746948242188,8,0.8907533288002014
553,549,350.8800048828125,0.0,215.2996826171875,63.68916702270508,16,0.7539681792259216
554,549,461.046142578125,109.26202392578125,178.953857421875,354.0711669921875,21,0.29984086751937866
555,550,253.83306884765625,185.5789337158203,139.9876708984375,184.59617614746094,9,0.9124176502227783
556,552,205.06588745117188,120.17414855957031,264.81658935546875,287.73411560058594,6,0.9155189394950867
557,553,225.62994384765625,120.27594757080078,209.98797607421875,255.29528045654297,10,0.9261283874511719
558,554,205.24606323242188,96.59050750732422,113.693603515625,137.65387725830078,6,0.9339274168014526
559,56,362.06640625,141.7382049560547,190.694091796875,241.88392639160156,13,0.9154025316238403
560,562,66.539794921875,115.89447021484375,358.54180908203125,186.17428588867188,21,0.8824148774147034
561,564,318.0390625,118.7696533203125,168.3343505859375,400.59857177734375,21,0.75823974609375
562,565,181.52467346191406,129.1915740966797,203.93809509277344,288.86500549316406,19,0.9160712361335754
563,569,363.24920654296875,152.33079528808594,102.794677734375,226.04347229003906,8,0.91239333152771
564,57,181.81201171875,94.7249755859375,222.94134521484375,312.9215087890625,1,0.9120045900344849
565,573,312.5379638671875,170.12991333007812,184.7498779296875,195.5169677734375,2,0.9225504994392395
566,588,199.9413604736328,109.61962890625,259.91343688964844,383.874755859375,6,0.9321922659873962
567,589,100.66766357421875,143.38186645507812,281.92291259765625,328.02728271484375,9,0.9210740327835083
568,590,130.87860107421875,175.15211486816406,265.08868408203125,369.79148864746094,14,0.904682993888855
569,591,214.43548583984375,126.0096435546875,156.539794921875,249.72109985351562,9,0.918429970741272
570,592,224.9948272705078,116.67922973632812,262.60435485839844,309.31427001953125,16,0.9255402088165283
571,593,259.342529296875,142.0693359375,376.3221435546875,380.02972412109375,17,0.8898195028305054
572,597,241.57838439941406,127.7847900390625,291.69773864746094,328.47320556640625,4,0.9098443984985352
573,600,404.2722473144531,109.93328857421875,235.61911010742188,422.22088623046875,12,0.9209162592887878
574,601,196.65771484375,103.60075378417969,121.07916259765625,314.68861389160156,21,0.8155365586280823
575,601,70.94560241699219,122.1048583984375,99.56205749511719,227.890380859375,15,0.5187368392944336
576,606,273.4302978515625,143.52029418945312,168.86785888671875,250.698486328125,18,0.8839906454086304
577,607,257.27630615234375,182.06854248046875,311.63555908203125,385.83441162109375,10,0.937886118888855
578,612,249.10174560546875,212.44248962402344,135.89166259765625,180.08766174316406,7,0.918785572052002
579,616,236.0325927734375,76.42826843261719,176.86663818359375,175.02880859375,4,0.9296230673789978
580,617,257.3677978515625,197.09954833984375,94.8126220703125,135.9456787109375,10,0.9336756467819214
581,622,326.5331726074219,182.27769470214844,146.4337158203125,333.33692932128906,1,0.9061750173568726
582,626,182.1751251220703,149.27120971679688,211.42454528808594,266.48040771484375,5,0.9319836497306824
583,628,241.20326232910156,80.41009521484375,250.37474060058594,321.1280212402344,18,0.9261087775230408
584,628,0.0,0.0,119.06951141357422,314.9940185546875,12,0.29626476764678955
585,633,190.6722412109375,150.98739624023438,232.81488037109375,261.3306884765625,18,0.9095813632011414
586,642,144.7023162841797,77.21844482421875,339.68177795410156,403.3817138671875,13,0.9189181327819824
587,644,190.840087890625,114.99400329589844,300.1754150390625,459.60670471191406,8,0.8695563077926636
588,652,211.45236206054688,149.38949584960938,181.75775146484375,255.3941650390625,12,0.9163864254951477
589,654,132.1861572265625,159.4712677001953,164.14599609375,203.95213317871094,13,0.9155054688453674
590,663,250.23004150390625,109.62229919433594,216.60821533203125,309.56324768066406,1,0.9207397103309631
591,666,152.88616943359375,117.427490234375,305.94366455078125,360.4974365234375,16,0.9134902358055115
592,669,176.34901428222656,118.20592498779297,170.91319274902344,251.93891143798828,9,0.9289442300796509
593,670,188.59043884277344,158.62765502929688,195.64088439941406,253.20703125,12,0.9123051166534424
594,674,232.95709228515625,145.7050323486328,171.04071044921875,222.45616149902344,14,0.9057066440582275
595,675,267.210205078125,166.733154296875,169.359619140625,358.92327880859375,10,0.9296066761016846
596,676,245.5127716064453,170.383544921875,211.68821716308594,297.515625,14,0.9164252877235413
597,685,268.8985900878906,236.03680419921875,128.4608154296875,306.93475341796875,9,0.910157322883606
598,689,185.4970703125,142.25244140625,189.3157958984375,198.33419799804688,7,0.9169248342514038
599,69,210.64425659179688,157.287109375,240.8763427734375,304.70916748046875,4,0.9113468527793884
600,691,181.83383178710938,116.286376953125,247.35638427734375,332.444580078125,12,0.9073036909103394
601,694,232.20376586914062,80.0048828125,196.72808837890625,447.8843994140625,21,0.884793221950531
602,694,0.0,208.95843505859375,67.98884582519531,354.18011474609375,21,0.5501908659934998
603,714,150.76837158203125,144.09202575683594,225.71844482421875,309.83180236816406,6,0.9216293096542358
604,721,197.39413452148438,153.871337890625,178.54388427734375,318.777587890625,17,0.9033604860305786
605,721,395.881591796875,2.245758056640625,244.118408203125,455.7226867675781,16,0.5196386575698853
606,724,166.45765686035156,148.89950561523438,245.03367614746094,311.1136474609375,12,0.9186561703681946
607,725,301.03643798828125,181.81396484375,134.908935546875,166.11376953125,7,0.9050830006599426
608,727,242.56890869140625,226.32546997070312,141.74365234375,209.8779296875,3,0.915101945400238
609,73,203.6386260986328,176.07537841796875,169.69285583496094,230.87042236328125,14,0.922842800617218
610,730,302.636474609375,205.2529296875,157.2509765625,241.4676513671875,18,0.9251220226287842
611,731,195.24514770507812,140.93971252441406,206.28497314453125,270.11961364746094,20,0.9278719425201416
612,732,255.52313232421875,168.71047973632812,193.6842041015625,247.54205322265625,2,0.9248418807983398
613,735,171.48764038085938,150.88780212402344,246.23541259765625,339.13954162597656,17,0.9176677465438843
614,737,109.823486328125,55.43768310546875,113.68148803710938,322.96038818359375,8,0.7767006754875183
615,737,208.37388610839844,185.457763671875,214.67799377441406,257.05364990234375,2,0.3304956555366516
616,738,250.09327697753906,174.342529296875,212.29393005371094,313.7203369140625,6,0.9235990643501282
617,74,245.5001220703125,151.04241943359375,156.0130615234375,240.12908935546875,4,0.8995835185050964
618,740,286.7944030761719,184.35336303710938,194.932861328125,306.7271728515625,12,0.922874391078949
619,744,174.02743530273438,239.85519409179688,146.9052734375,184.83074951171875,9,0.9181938767433167
620,749,131.15431213378906,77.767822265625,288.05540466308594,365.296142578125,6,0.9297817349433899
621,749,155.2861328125,0.0,260.91143798828125,67.1312484741211,4,0.40907299518585205
622,749,150.22564697265625,0.0,264.2786865234375,68.70860290527344,6,0.33007335662841797
623,750,208.93011474609375,164.5270538330078,177.3822021484375,253.83567810058594,1,0.9290693402290344
624,751,183.46762084960938,108.242431640625,302.8270263671875,384.1759033203125,13,0.9012025594711304
625,754,159.0128631591797,119.04379272460938,252.12635803222656,298.59991455078125,18,0.9337075352668762
626,755,247.83602905273438,168.36651611328125,214.478515625,235.14996337890625,3,0.9369854927062988
627,760,315.4543762207031,119.14642333984375,148.97210693359375,200.46707153320312,9,0.9264907240867615
628,760,51.790138244628906,114.55892944335938,35.55998229980469,124.99417114257812,8,0.8084194660186768
629,766,73.67204284667969,248.74929809570312,74.30332946777344,61.28125,12,0.8602335453033447
630,766,470.34613037109375,99.39850616455078,43.2801513671875,101.56340789794922,15,0.835959792137146
631,766,280.8326416015625,265.6898193359375,69.769287109375,55.66326904296875,20,0.41913315653800964
632,770,231.99639892578125,50.94415283203125,189.83099365234375,210.49139404296875,3,0.938349723815918
633,773,176.95526123046875,82.72607421875,225.176025390625,307.48248291015625,16,0.9376881718635559
634,775,274.18011474609375,127.1772689819336,83.2818603515625,255.90747833251953,7,0.8859431147575378
635,779,181.9085693359375,161.22430419921875,182.01068115234375,269.74224853515625,10,0.9084681868553162
636,78,199.6995849609375,187.01422119140625,206.93743896484375,256.752685546875,17,0.8916289210319519
637,79,205.96932983398438,114.32244873046875,279.6632080078125,270.8599853515625,16,0.9308651089668274
638,793,206.5913543701172,140.76345825195312,221.67628479003906,359.0628662109375,17,0.9127522110939026
639,795,217.49581909179688,308.6649169921875,126.19647216796875,220.1578369140625,17,0.873489260673523
640,797,194.053955078125,109.09307861328125,284.50048828125,360.945556640625,12,0.9166231751441956
641,80,114.42549896240234,115.16583251953125,188.04157257080078,235.27386474609375,3,0.9440121650695801
642,801,230.81362915039062,188.69732666015625,128.14501953125,301.86993408203125,8,0.876129150390625
643,811,235.16616821289062,113.05511474609375,258.121826171875,261.5484619140625,20,0.9372624754905701
644,813,195.0557403564453,175.87918090820312,160.83103942871094,192.326416015625,13,0.899612545967102
645,814,360.4654541015625,197.30966186523438,201.9766845703125,249.06707763671875,7,0.9246333241462708
646,815,290.64862060546875,57.7138671875,80.80078125,420.93035888671875,15,0.328766793012619
647,818,214.9537353515625,84.40953063964844,207.8690185546875,398.85719299316406,16,0.9051979780197144
648,819,81.37278747558594,319.4141845703125,45.997100830078125,132.802978515625,8,0.9125202298164368
649,819,461.6846923828125,342.73980712890625,41.9344482421875,129.5103759765625,8,0.8892416954040527
650,819,273.999267578125,330.53692626953125,44.3848876953125,130.5389404296875,8,0.8883107304573059
651,820,332.3546142578125,8.550872802734375,170.211669921875,214.10565185546875,9,0.9262838363647461
652,822,16.285125732421875,0.4481201171875,463.02056884765625,326.6783752441406,5,0.9261325001716614
653,823,201.7499542236328,150.87709045410156,143.27244567871094,236.84349060058594,2,0.9248285889625549
654,828,222.9437255859375,171.57025146484375,227.20538330078125,279.9287109375,20,0.9319325089454651
655,83,295.54425048828125,3.64495849609375,136.1702880859375,554.146484375,8,0.8469168543815613
656,835,132.4168701171875,43.19483947753906,303.5318603515625,469.51426696777344,16,0.9156674146652222
657,836,164.9933624267578,124.97126770019531,252.17967224121094,298.24070739746094,16,0.9456394910812378
658,837,166.70736694335938,107.32792663574219,207.04095458984375,328.70606994628906,12,0.8568328022956848
659,84,150.34378051757812,164.1141357421875,267.89019775390625,336.83074951171875,20,0.9028726816177368
660,842,178.80130004882812,155.21241760253906,218.5997314453125,222.99693298339844,14,0.904739499092102
661,844,155.34613037109375,83.80781555175781,258.52093505859375,361.89414978027344,17,0.8963276147842407
662,849,273.00177001953125,98.0751953125,92.19482421875,320.91064453125,11,0.8894504308700562
663,850,322.567626953125,187.0072021484375,198.3314208984375,228.7935791015625,2,0.9175862073898315
664,852,235.88177490234375,117.39064025878906,108.333251953125,341.87889099121094,5,0.912975013256073
665,857,297.33013916015625,185.5561981201172,188.5328369140625,291.53871154785156,12,0.9244603514671326
666,859,89.63156127929688,97.57168579101562,134.00262451171875,208.53952026367188,3,0.9405624866485596
667,865,252.1365509033203,170.3017578125,175.84080505371094,233.50628662109375,7,0.8901702761650085
668,866,181.16233825683594,142.702392578125,264.91419982910156,318.85107421875,4,0.9257400035858154
669,868,212.42356872558594,130.4490966796875,227.63429260253906,348.81695556640625,1,0.9186040759086609
670,869,281.98260498046875,157.96273803710938,125.0302734375,187.12310791015625,17,0.8517404794692993
671,874,314.6802978515625,165.66448974609375,173.3262939453125,308.30560302734375,4,0.9056780934333801
672,874,181.74517822265625,396.70330810546875,77.59588623046875,243.29669189453125,15,0.8411750197410583
673,877,233.0152587890625,30.973388671875,117.35980224609375,537.2449951171875,8,0.7053073048591614
674,879,179.22064208984375,131.74295043945312,214.15704345703125,285.263427734375,19,0.9048652052879333
675,880,228.27862548828125,150.80194091796875,187.064453125,209.31219482421875,4,0.9385491609573364
676,881,251.4842529296875,139.0419921875,105.54510498046875,269.4136962890625,20,0.8158512711524963
677,892,236.21568298339844,201.7207489013672,151.61634826660156,178.68336486816406,14,0.8812375664710999
678,894,197.0675048828125,131.5721435546875,110.80722045898438,344.2279052734375,12,0.8710882067680359
679,897,96.888427734375,61.07415771484375,360.556884765625,419.9942626953125,16,0.9365227222442627
680,90,243.97427368164062,99.43963623046875,40.2650146484375,109.48171997070312,15,0.8899426460266113
681,904,278.18841552734375,216.033447265625,265.33807373046875,303.32232666015625,4,0.9285372495651245
682,906,176.28631591796875,106.729248046875,146.406494140625,172.53768920898438,2,0.9198103547096252
683,912,353.5756530761719,155.18923950195312,127.5533447265625,327.84771728515625,14,0.44463592767715454
684,912,290.2784423828125,157.6749725341797,190.930908203125,324.84950256347656,14,0.36265239119529724
685,912,198.0087890625,162.61572265625,283.16510009765625,320.39837646484375,14,0.26943567395210266
686,921,191.57704162597656,175.2358856201172,219.50645446777344,283.23976135253906,12,0.9072690606117249
687,929,445.7752685546875,82.95475006103516,87.88128662109375,238.62877655029297,15,0.8840570449829102
688,93,160.30352783203125,137.218017578125,295.2164306640625,369.681396484375,5,0.907615065574646
689,930,189.60537719726562,113.0103759765625,285.55474853515625,392.7236328125,9,0.9132295846939087
690,933,227.64630126953125,114.32600402832031,327.08099365234375,380.59910583496094,7,0.9332448840141296
691,936,348.93414306640625,66.56229400634766,156.8006591796875,175.27483367919922,14,0.9001121520996094
692,936,154.90127563476562,386.9013671875,115.20391845703125,148.34979248046875,14,0.8865883350372314
693,936,535.5931396484375,601.3856201171875,41.0496826171875,38.259033203125,10,0.838051974773407
694,938,277.6377868652344,177.24095153808594,187.137939453125,223.22120666503906,10,0.9326446652412415
695,941,30.736225128173828,223.12359619140625,21.295883178710938,72.537353515625,15,0.8162619471549988
696,941,218.31137084960938,17.70458984375,17.746826171875,76.24072265625,15,0.814763069152832
697,943,206.71510314941406,174.06826782226562,245.44444274902344,295.34783935546875,9,0.9362071752548218
698,945,212.94252014160156,149.65081787109375,179.87315368652344,299.9906005859375,17,0.9178270697593689
699,946,119.86328125,121.72093200683594,338.73187255859375,478.73976135253906,8,0.590009868144989
700,947,208.20199584960938,116.37210083007812,150.613037109375,264.01885986328125,16,0.9111838340759277
701,948,198.0950927734375,127.41004180908203,206.27166748046875,234.10790252685547,5,0.9112818241119385
702,949,561.8391723632812,380.84527587890625,77.65771484375,202.1563720703125,19,0.88968425989151
703,949,291.02557373046875,25.493453979492188,108.949462890625,480.85951232910156,8,0.8698673248291016
704,951,209.79966735839844,110.61370849609375,309.81752014160156,347.33721923828125,16,0.931585431098938
705,954,540.8265380859375,118.96401977539062,23.28955078125,88.303466796875,15,0.8521119952201843
706,954,333.2235412597656,14.549583435058594,43.090576171875,33.86082077026367,15,0.8273902535438538
707,955,212.45651245117188,104.5426025390625,212.03411865234375,332.14178466796875,17,0.9019044637680054
708,96,161.0147247314453,141.2294158935547,219.67808532714844,258.12269592285156,17,0.903795063495636
709,960,146.04022216796875,95.17440795898438,163.16339111328125,219.70870971679688,18,0.8900503516197205
710,961,198.84274291992188,201.2574005126953,192.29010009765625,236.95347595214844,19,0.9198348522186279
711,962,221.95407104492188,134.3411865234375,116.44891357421875,144.88211059570312,10,0.9352196455001831
712,965,326.49078369140625,29.61150360107422,253.9215087890625,208.16089630126953,7,0.4776914715766907
713,969,240.3597869873047,167.5072784423828,177.48646545410156,268.21995544433594,9,0.929690957069397
714,971,195.9761962890625,137.66390991210938,327.42138671875,358.3228759765625,20,0.9436165690422058
715,972,274.15045166015625,92.9755859375,181.19610595703125,409.158203125,3,0.7843561172485352
716,976,213.09999084472656,117.1475830078125,236.04734802246094,366.00885009765625,13,0.913194477558136
717,982,196.48870849609375,149.48619079589844,256.98980712890625,293.45741271972656,3,0.9334636926651001
718,983,174.82562255859375,123.6484375,310.68359375,373.91058349609375,13,0.9144749045372009
719,990,176.1527099609375,172.1936492919922,139.97091674804688,188.17823791503906,5,0.9086804389953613
720,992,276.85198974609375,170.7738037109375,79.2791748046875,451.9534912109375,15,0.7582212686538696
721,992,464.44842529296875,33.064697265625,86.45062255859375,493.9912109375,15,0.7356840968132019
722,992,374.1925048828125,103.5091552734375,80.7061767578125,478.2322998046875,15,0.6701750159263611
723,999,259.18658447265625,206.12770080566406,184.416015625,208.55943298339844,14,0.9067540168762207
